LVal18AFC,PDate,GDate,NumberTrade,VolumeTrade,Value,ClosePrice,LastPrice,PriceMin,PriceMax,PriceFirst,PriceYesterday
وبملت,13991227,20210317,7213,160731993,6.92992E+11,4310,4330,4230,4380,4320,4210
وبملت,13991226,20210316,13563,499852655,2.10494E+12,4210,4320,4090,4380,4090,4170
وبملت,13991225,20210315,11046,362136753,1.51125E+12,4170,4240,3990,4280,4020,4070
وبملت,13991224,20210314,11100,270006098,1.09837E+12,4070,4020,3990,4150,4080,3940
وبملت,13991223,20210313,9356,281339188,1.10927E+12,3940,3990,3730,3990,3780,3770
وبملت,13991220,20210310,7516,177740508,6.69534E+11,3770,3770,3670,3860,3730,3740
وبملت,13991219,20210309,7171,145437118,5.43547E+11,3740,3670,3660,3860,3760,3690
وبملت,13991218,20210308,9837,261601114,9.66453E+11,3690,3730,3560,3730,3580,3520
وبملت,13991217,20210307,6599,144399173,5.09006E+11,3520,3530,3460,3600,3460,3520
وبملت,13991216,20210306,4263,150134618,5.28709E+11,3520,3520,3520,3570,3540,3590
وبملت,13991213,20210303,4961,108560146,3.89588E+11,3590,3570,3570,3690,3660,3640
وبملت,13991212,20210302,7075,153862555,5.60501E+11,3640,3680,3580,3760,3620,3590
وبملت,13991211,20210301,11141,323880521,1.16397E+12,3590,3620,3570,3700,3570,3640
وبملت,13991210,20210228,2096,66669342,2.42692E+11,3640,3640,3640,3680,3640,3710
وبملت,13991209,20210227,5538,205305397,7.61764E+11,3710,3710,3710,3750,3710,3780
وبملت,13991206,20210224,5596,125042429,4.73044E+11,3780,3760,3760,3880,3830,3830
وبملت,13991205,20210223,7629,233994204,8.95735E+11,3830,3820,3810,3900,3810,3880
وبملت,13991204,20210222,363,13063154,50162511360,3880,3840,3840,3840,3840,3910
وبملت,13991203,20210221,421,4627740,17816799000,3910,3850,3850,3850,3850,3920
وبملت,13991202,20210220,1250,31078809,1.21854E+11,3920,3920,3920,3970,3920,4000
وبملت,13991129,20210217,4548,144485007,5.77765E+11,4000,3990,3990,4190,3990,4070
وبملت,13991128,20210216,2718,152117976,6.1912E+11,4070,4070,4070,4070,4070,4150
وبملت,13991127,20210215,549,18230910,75111349200,4150,4120,4120,4120,4120,4200
وبملت,13991126,20210214,6646,170171912,7.14625E+11,4200,4180,4180,4340,4310,4260
وبملت,13991125,20210213,10520,257866781,1.0992E+12,4260,4300,4140,4300,4250,4060
وبملت,13991121,20210209,8007,149925108,6.08246E+11,4060,4080,3910,4130,4020,3950
وبملت,13991120,20210208,10929,352746692,1.39358E+12,3950,3970,3810,3970,3970,3790
وبملت,13991119,20210207,3110,107440798,4.06887E+11,3790,3800,3680,3800,3700,3620
وبملت,13991118,20210206,5332,173151285,6.27018E+11,3620,3610,3610,3780,3770,3790
وبملت,13991115,20210203,5505,123083194,4.66851E+11,3790,3770,3770,4020,3850,3960
وبملت,13991114,20210202,7810,184067236,7.28838E+11,3960,3950,3940,4080,3970,4140
وبملت,13991113,20210201,7543,209188762,8.66426E+11,4140,4050,4050,4320,4100,4260
وبملت,13991112,20210131,10935,251615759,1.07146E+12,4260,4200,4100,4430,4430,4220
وبملت,13991111,20210130,5504,148588018,6.27217E+11,4220,4230,4050,4230,4140,4030
وبملت,13991108,20210127,7774,192830905,7.77674E+11,4030,4090,3860,4150,4040,4050
وبملت,13991107,20210126,7700,163742492,6.62474E+11,4050,3950,3950,4250,4230,4150
وبملت,13991106,20210125,13100,299187183,1.24117E+12,4150,4210,3900,4270,4030,4080
وبملت,13991105,20210124,18006,469774226,1.91691E+12,4080,3990,3860,4140,4140,3950
وبملت,13991104,20210123,1694,55488344,2.19179E+11,3950,3950,3950,3950,3950,3770
وبملت,13991101,20210120,2878,73227528,2.76012E+11,3770,3780,3610,3780,3700,3600
وبملت,13991030,20210119,11195,271783870,9.78444E+11,3600,3690,3420,3760,3420,3590
وبملت,13991029,20210118,3427,117676434,4.22543E+11,3590,3590,3590,3650,3590,3770
وبملت,13991027,20210116,8708,275554081,1.03822E+12,3770,3760,3760,3960,3840,3950
وبملت,13991024,20210113,13962,291938454,1.15398E+12,3950,3920,3920,4100,3970,4120
وبملت,13991023,20210112,8948,241022637,9.9224E+11,4120,4100,4100,4290,4220,4310
وبملت,13991022,20210111,12538,222063553,9.5799E+11,4310,4230,4200,4430,4430,4410
وبملت,13991021,20210110,13823,215947814,9.53094E+11,4410,4440,4320,4550,4450,4390
وبملت,13991020,20210109,15626,288544431,1.26687E+12,4390,4390,4350,4600,4430,4570
وبملت,13991017,20210106,14355,342173645,1.56527E+12,4570,4570,4570,4700,4610,4810
وبملت,13991016,20210105,14510,240371668,1.15517E+12,4810,4780,4780,4990,4980,5030
وبملت,13991015,20210104,15741,290052820,1.45758E+12,5030,4940,4910,5080,4950,4840
وبملت,13991014,20210103,0,0,0,4840,4820,0,0,0,4840
وبملت,13991013,20210102,0,0,0,4840,4820,0,0,0,4840
وبملت,13991010,20201230,0,0,0,4840,4820,0,0,0,4840
وبملت,13991009,20201229,0,0,0,4840,4820,0,0,0,4840
وبملت,13991008,20201228,0,0,0,4840,4820,0,0,0,4840
وبملت,13991007,20201227,13324,185632043,8.9868E+11,4840,4820,4720,4990,4750,4850
وبملت,13991006,20201226,18010,232224818,1.12609E+12,4850,4800,4780,5050,5050,5030
وبملت,13991003,20201223,15339,171403677,8.61358E+11,5030,5000,4950,5150,5100,4980
وبملت,13991002,20201222,16522,243220607,1.21087E+12,4980,5090,4770,5090,4770,4880
وبملت,13991001,20201221,13140,234000863,1.14253E+12,4880,4830,4720,5030,4790,4890
وبملت,13990930,20201220,15807,253173742,1.23831E+12,4890,4840,4780,5100,5100,5030
وبملت,13990929,20201219,14689,203458421,1.02327E+12,5030,5040,4900,5140,5060,4960
وبملت,13990926,20201216,18396,255638438,1.26767E+12,4960,5010,4810,5090,4810,5030
وبملت,13990925,20201215,8739,196978132,9.90263E+11,5030,5020,5020,5180,5100,5280
وبملت,13990924,20201214,29168,437876965,2.31377E+12,5280,5140,5050,5440,5200,5190
وبملت,13990923,20201213,19346,246525840,1.2801E+12,5190,5130,5120,5320,5210,5330
وبملت,13990922,20201212,28434,468597791,2.49765E+12,5330,5210,5190,5460,5310,5310
وبملت,13990919,20201209,22031,308950823,1.64137E+12,5310,5300,5230,5420,5350,5400
وبملت,13990918,20201208,21023,313823537,1.69484E+12,5400,5350,5230,5560,5360,5490
وبملت,13990917,20201207,34733,522158070,2.86786E+12,5490,5360,5280,5690,5370,5470
وبملت,13990916,20201206,32872,425684861,2.32908E+12,5470,5390,5330,5650,5570,5500
وبملت,13990915,20201205,23821,348904820,1.92015E+12,5500,5580,5340,5660,5390,5580
وبملت,13990912,20201202,26037,410133005,2.2887E+12,5580,5480,5480,5800,5630,5760
وبملت,13990911,20201201,22978,329255402,1.89638E+12,5760,5710,5600,5900,5720,5810
وبملت,13990910,20201130,25177,415146406,2.41208E+12,5810,5750,5650,5890,5760,5610
وبملت,13990909,20201129,28747,439097261,2.46228E+12,5610,5720,5410,5750,5450,5520
وبملت,13990908,20201128,35164,590053532,3.25855E+12,5520,5460,5380,5790,5490,5580
وبملت,13990905,20201125,29715,515265002,2.87541E+12,5580,5660,5350,5730,5410,5530
وبملت,13990904,20201124,37696,755899943,4.17769E+12,5530,5450,5200,5650,5500,5390
وبملت,13990903,20201123,24894,523939028,2.82252E+12,5390,5420,5200,5420,5210,5170
وبملت,13990902,20201122,22410,443005535,2.28917E+12,5170,5180,5000,5390,5110,5260
وبملت,13990901,20201121,35621,559807616,2.94486E+12,5260,5090,5030,5520,5520,5290
وبملت,13990828,20201118,7708,210549615,1.11348E+12,5290,5290,5160,5290,5290,5040
وبملت,13990827,20201117,12909,325197762,1.63746E+12,5040,5050,4870,5050,4880,4810
وبملت,13990826,20201116,19341,466155957,2.24241E+12,4810,4870,4490,4870,4540,4640
وبملت,13990825,20201115,23225,500743946,2.32349E+12,4640,4570,4460,4730,4730,4510
وبملت,13990824,20201114,4823,119065371,5.36668E+11,4510,4520,4360,4520,4460,4310
وبملت,13990821,20201111,16379,316580574,1.36523E+12,4310,4410,4130,4430,4280,4250
وبملت,13990820,20201110,14293,252302557,1.07235E+12,4250,4290,4140,4440,4390,4270
وبملت,13990819,20201109,17609,443927476,1.89361E+12,4270,4370,4210,4570,4280,4430
وبملت,13990818,20201108,2685,69737654,3.08938E+11,4430,4430,4430,4430,4430,4660
وبملت,13990817,20201107,15448,391678329,1.82366E+12,4660,4590,4590,4980,4610,4830
وبملت,13990814,20201104,17004,361120853,1.74479E+12,4830,4870,4630,4980,4750,4750
وبملت,13990812,20201102,22009,286148702,1.35853E+12,4750,4790,4560,4870,4580,4730
وبملت,13990811,20201101,15013,238440402,1.12836E+12,4730,4620,4570,4890,4890,4800
وبملت,13990810,20201031,11425,267365540,1.28455E+12,4800,4810,4630,4810,4770,4590
وبملت,13990807,20201028,22627,439554452,2.01671E+12,4590,4780,4410,4800,4500,4640
وبملت,13990806,20201027,16741,527800628,2.44729E+12,4640,4640,4610,4930,4830,4850
وبملت,13990805,20201026,19436,499666373,2.4222E+12,4850,4890,4840,4940,4840,5090
وبملت,13990803,20201024,6402,163472066,8.32706E+11,5090,5080,5080,5200,5200,5340
وبملت,13990730,20201021,27573,521096877,2.78054E+12,5340,5240,5110,5440,5300,5190
وبملت,13990729,20201020,16467,445050850,2.30863E+12,5190,5350,5160,5380,5160,5430
وبملت,13990728,20201019,8633,231963957,1.26012E+12,5430,5430,5430,5500,5430,5710
وبملت,13990727,20201018,10753,221584990,1.26622E+12,5710,5690,5690,5970,5840,5980
وبملت,13990723,20201014,26574,403386676,2.41337E+12,5980,5950,5840,6180,6090,6140
وبملت,13990722,20201013,31704,488285102,2.99756E+12,6140,6230,6000,6330,6220,6310
وبملت,13990721,20201012,47633,795235740,5.01895E+12,6310,6310,6160,6600,6330,6480
وبملت,13990720,20201011,55804,1187895834,7.69389E+12,6480,6400,6290,6780,6620,5860
وبملت,13990719,20201010,0,0,0,5860,5860,0,0,0,5860
وبملت,13990716,20201007,18802,663468354,3.88623E+12,5860,5860,5700,5860,5860,5590
وبملت,13990715,20201006,7979,221469010,1.23796E+12,5590,5600,5410,5600,5490,5340
وبملت,13990714,20201005,24290,392090024,2.09377E+12,5340,5430,5230,5540,5350,5500
وبملت,13990713,20201004,28313,506130410,2.78327E+12,5500,5420,5330,5730,5680,5610
وبملت,13990712,20201003,13975,310416384,1.74258E+12,5610,5640,5400,5640,5530,5380
وبملت,13990709,20200930,21090,365642622,1.96895E+12,5380,5480,5200,5500,5420,5300
وبملت,13990708,20200929,34840,745141229,3.95034E+12,5300,5530,5160,5580,5160,5430
وبملت,13990707,20200928,5330,135557576,7.36097E+11,5430,5430,5430,5460,5430,5710
وبملت,13990706,20200927,17719,376626727,2.15118E+12,5710,5680,5680,5990,5970,5970
وبملت,13990705,20200926,38279,612864086,3.66012E+12,5970,6010,5840,6010,6010,5730
وبملت,13990702,20200923,30636,592327876,3.39583E+12,5730,5750,5630,5750,5690,5480
وبملت,13990701,20200922,59306,1323474055,7.25305E+12,5480,5760,5220,5760,5370,5490
وبملت,13990631,20200921,6808,229490734,1.2599E+12,5490,5490,5490,5490,5490,5770
وبملت,13990630,20200920,11882,222648475,1.28525E+12,5770,5770,5770,5880,5770,6070
وبملت,13990629,20200919,45528,725378618,4.40147E+12,6070,6040,6040,6270,6110,6350
وبملت,13990626,20200916,89855,1109323077,7.04602E+12,6350,6270,6030,6590,6540,6280
وبملت,13990625,20200915,41408,709373166,4.45305E+12,6280,6300,6100,6300,6130,6000
وبملت,13990624,20200914,55416,1010517275,6.05806E+12,6000,6070,5720,6070,5840,5790
وبملت,13990623,20200913,120381,2074017561,1.20153E+13,5790,5850,5410,5970,5800,5690
وبملت,13990622,20200912,22167,581208470,3.30581E+12,5690,5880,5600,5880,5600,6550
وبملت,13990619,20200909,0,0,0,6550,6590,0,0,0,6550
وبملت,13990618,20200908,0,0,0,6550,6590,0,0,0,6550
وبملت,13990617,20200907,0,0,0,6550,6590,0,0,0,6550
وبملت,13990616,20200906,0,0,0,6550,6590,0,0,0,6550
وبملت,13990615,20200905,0,0,0,6550,6590,0,0,0,6550
وبملت,13990612,20200902,0,0,0,6550,6590,0,0,0,6550
وبملت,13990611,20200901,0,0,0,6550,6590,0,0,0,6550
وبملت,13990610,20200831,0,0,0,6550,6590,0,0,0,6550
وبملت,13990605,20200826,0,0,0,6550,6590,0,0,0,6550
وبملت,13990604,20200825,0,0,0,6550,6590,0,0,0,6550
وبملت,13990603,20200824,0,0,0,6550,6590,0,0,0,6550
وبملت,13990602,20200823,0,0,0,6550,6590,0,0,0,6550
وبملت,13990601,20200822,0,0,0,6550,6590,0,0,0,6550
وبملت,13990529,20200819,0,0,0,6550,6590,0,0,0,6550
وبملت,13990528,20200818,0,0,0,6550,6590,0,0,0,6550
وبملت,13990527,20200817,0,0,0,6550,6590,0,0,0,6550
وبملت,13990526,20200816,0,0,0,6550,6590,0,0,0,6550
وبملت,13990525,20200815,0,0,0,6550,6590,0,0,0,6550
وبملت,13990522,20200812,0,0,0,6550,6590,0,0,0,6550
وبملت,13990521,20200811,0,0,0,6550,6590,0,0,0,6550
وبملت,13990520,20200810,0,0,0,6550,6590,0,0,0,6550
وبملت,13990519,20200809,0,0,0,6550,6590,0,0,0,6550
وبملت,13990515,20200805,0,0,0,6550,6590,0,0,0,6550
وبملت,13990514,20200804,0,0,0,6550,6590,0,0,0,6550
وبملت,13990513,20200803,0,0,0,6550,6590,0,0,0,6550
وبملت,13990512,20200802,0,0,0,6550,6590,0,0,0,6550
وبملت,13990511,20200801,0,0,0,6550,6590,0,0,0,6550
وبملت,13990508,20200729,0,0,0,6550,6590,0,0,0,6550
وبملت,13990507,20200728,0,0,0,6550,6590,0,0,0,6550
وبملت,13990506,20200727,0,0,0,6550,6590,0,0,0,6550
وبملت,13990505,20200726,0,0,0,6550,6590,0,0,0,6550
وبملت,13990504,20200725,0,0,0,27130,27300,0,0,0,27130
وبملت,13990501,20200722,0,0,0,27160,27330,0,0,0,27160
وبملت,13990431,20200721,0,0,0,27160,27330,0,0,0,27160
وبملت,13990430,20200720,0,0,0,27160,27330,0,0,0,27160
وبملت,13990429,20200719,62665,250395371,6.80104E+12,27160,27330,26190,27340,26200,26040
وبملت,13990428,20200718,73895,224214666,5.83753E+12,26040,25880,25650,28330,26300,26990
وبملت,13990425,20200715,61821,175260607,4.73084E+12,26990,26550,26010,27860,26710,26540
وبملت,13990424,20200714,69838,253301569,6.72339E+12,26540,26200,25570,26840,26400,25570
وبملت,13990423,20200713,54256,148840698,3.80558E+12,25570,26480,24490,27050,25850,25770
وبملت,13990422,20200712,46286,212007866,5.46272E+12,25770,25490,25300,25810,25780,24590
وبملت,13990421,20200711,63551,223768272,5.5018E+12,24590,25340,24210,26750,24210,25480
وبملت,13990418,20200708,49476,209556594,5.33917E+12,25480,25350,25350,28010,26000,26680
وبملت,13990417,20200707,67774,192808093,5.14401E+12,26680,26040,25910,28200,27320,26860
وبملت,13990416,20200706,52045,253566140,6.81202E+12,26860,26950,26200,26950,26200,25670
وبملت,13990415,20200705,65488,224649840,5.76674E+12,25670,25860,24480,27040,24560,25760
وبملت,13990414,20200704,65195,231283534,5.95822E+12,25760,25600,25600,27000,26940,26940
وبملت,13990411,20200701,56583,168219804,4.5319E+12,26940,26690,26500,27370,27350,26110
وبملت,13990410,20200630,38097,147166333,3.84198E+12,26110,26170,25000,26170,25900,24930
وبملت,13990409,20200629,52834,170386098,4.24795E+12,24930,24900,24490,25690,25690,25770
وبملت,13990408,20200628,61906,254376942,6.55422E+12,25770,25350,24600,25970,25970,24740
وبملت,13990407,20200627,36578,131019495,3.2416E+12,24740,24600,24150,25300,24340,24130
وبملت,13990404,20200624,37399,152975383,3.6916E+12,24130,24150,23500,24500,23600,24320
وبملت,13990403,20200623,42829,204918340,4.98351E+12,24320,23640,23610,24490,24150,23330
وبملت,13990402,20200622,49666,167234687,3.90159E+12,23330,23660,22660,23810,22700,22680
وبملت,13990401,20200621,75082,280225543,6.35665E+12,22680,22410,22310,23500,23110,23480
وبملت,13990331,20200620,93035,303872145,7.1356E+12,23480,23250,22800,25050,22800,23860
وبملت,13990327,20200616,40325,160409703,3.82677E+12,23860,24270,22400,24280,23000,23130
وبملت,13990326,20200615,45348,143204944,3.31181E+12,23130,22920,22070,23630,22950,22520
وبملت,13990325,20200614,55182,217880469,4.90685E+12,22520,22990,21190,22990,22990,21900
وبملت,13990324,20200613,13237,60105421,1.31631E+12,21900,21900,21900,21900,21900,20862
وبملت,13990321,20200610,25774,147260773,3.07209E+12,20862,20870,20500,20870,20870,19877
وبملت,13990320,20200609,34511,145041184,2.88296E+12,19877,19850,19598,20980,19999,20629
وبملت,13990319,20200608,44776,182569933,3.76623E+12,20629,20122,20122,22240,20122,21181
وبملت,13990318,20200607,33472,174082809,3.68718E+12,21181,20759,20692,21223,21200,20213
وبملت,13990317,20200606,22818,102505758,2.07198E+12,20213,20283,19500,20283,20260,19318
وبملت,13990313,20200602,32414,201597248,3.89447E+12,19318,19376,18800,19376,19100,18454
وبملت,13990312,20200601,22894,85258610,1.5734E+12,18454,18398,17700,18871,18148,18148
وبملت,13990311,20200531,41126,205601530,3.73116E+12,18148,17900,17065,18861,18860,17963
وبملت,13990310,20200530,9087,67341093,1.20965E+12,17963,17963,17963,17963,17963,17108
وبملت,13990307,20200527,20137,140681997,2.40678E+12,17108,17231,16200,17231,16200,16411
وبملت,13990306,20200526,31815,182646492,3.01506E+12,16508,16140,15916,17500,17450,17283
وبملت,13990303,20200523,42546,275842602,4.62129E+12,16753,17316,15865,17535,16700,16388
وبملت,13990231,20200520,33493,320143554,5.24655E+12,16388,16350,16344,17190,16750,17204
وبملت,13990230,20200519,39281,266154167,4.57884E+12,17204,16945,16945,18395,18270,17836
وبملت,13990229,20200518,50758,407800671,7.27346E+12,17836,18190,16712,18228,18000,17360
وبملت,13990228,20200517,7043,107461931,1.86554E+12,17360,17360,17360,17360,17360,18273
وبملت,13990227,20200516,6297,68371942,1.24936E+12,18273,18273,18273,18273,18273,19234
وبملت,13990224,20200513,65049,440618370,8.47475E+12,19234,18914,18914,20555,18914,19909
وبملت,13990223,20200512,16438,69861038,1.39086E+12,19909,19909,19909,19909,19909,20956
وبملت,13990222,20200511,115599,634870783,1.33041E+13,20956,20600,20100,21096,21096,20092
وبملت,13990221,20200510,8617,99346273,1.99607E+12,20092,20092,20092,20092,20092,19136
وبملت,13990220,20200509,9114,113330048,2.16869E+12,19136,19138,18977,19138,19138,18227
وبملت,13990217,20200506,40308,349214951,6.36504E+12,18227,18565,16820,18565,16820,17681
وبملت,13990216,20200505,64069,472270077,8.35031E+12,17681,16800,16701,18114,18114,17252
وبملت,13990215,20200504,35341,388427514,6.70127E+12,17252,17281,15637,17281,17281,16459
وبملت,13990214,20200503,4787,136042107,2.23913E+12,16459,16467,15683,16467,15683,14937
وبملت,13990213,20200502,0,0,0,14937,14940,0,0,0,14937
وبملت,13990210,20200429,0,0,0,14937,14940,0,0,0,14937
وبملت,13990209,20200428,5948,46432426,6.93564E+11,14937,14940,14734,14946,14946,14235
وبملت,13990208,20200427,18121,270377702,3.84876E+12,14235,14242,13600,14242,14238,13564
وبملت,13990207,20200426,15908,255273596,3.46252E+12,13564,13564,13500,13564,13564,12919
وبملت,13990206,20200425,2489,33342420,4.30751E+11,12919,12919,12919,12919,12919,12304
وبملت,13990202,20200421,22809,369185657,4.3514E+12,11786,11787,11551,11787,11787,11226
وبملت,13990201,20200420,16313,295590437,3.31827E+12,11226,11268,10550,11268,10600,10732
وبملت,13990131,20200419,22208,292985635,3.14445E+12,10732,10380,10283,10797,10797,10283
وبملت,13990130,20200418,8929,142377245,1.46404E+12,10283,10283,10238,10283,10283,9794
وبملت,13990127,20200415,11322,201457026,1.97298E+12,9794,9815,9410,9815,9410,9348
وبملت,13990126,20200414,13536,105551315,9.86641E+11,9348,9400,9100,9551,9322,9537
وبملت,13990125,20200413,12407,99685848,9.50734E+11,9537,9400,9376,9747,9699,9617
وبملت,13990124,20200412,15983,139842742,1.34494E+12,9617,9561,9413,9710,9514,9500
وبملت,13990123,20200411,11975,87710288,8.33272E+11,9500,9311,9311,9694,9500,9573
وبملت,13990120,20200408,17448,143157654,1.37038E+12,9573,9410,9356,9888,9799,9681
وبملت,13990119,20200407,13928,95695874,9.26412E+11,9681,9650,9502,9849,9553,9553
وبملت,13990118,20200406,16577,124869408,1.19291E+12,9553,9512,9512,9859,9859,10012
وبملت,13990117,20200405,20376,153061068,1.53247E+12,10012,9944,9893,10330,10300,10201
وبملت,13990116,20200404,19277,194474665,1.98386E+12,10201,10225,9871,10228,10180,9741
وبملت,13990111,20200330,16265,112822114,1.09902E+12,9741,9870,9380,9950,9500,9806
وبملت,13990110,20200329,23714,251384155,2.465E+12,9806,9699,9508,9893,9893,9422
وبملت,13990109,20200328,9953,165230289,1.55677E+12,9422,9422,9350,9422,9422,8974
وبملت,13990105,20200324,9947,189655706,1.62208E+12,8553,8585,8200,8585,8299,8177
وبملت,13981227,20200317,9322,96337658,7.56977E+11,7858,7955,7770,8100,8080,8178
وبملت,13981226,20200316,10811,121554493,9.94074E+11,8178,8043,7990,8726,8320,7924
وبملت,13981225,20200315,0,0,0,7924,7889,0,0,7600,7924
وبملت,13981224,20200314,5282,73351664,5.81219E+11,7924,7889,7889,8248,8248,8304
وبملت,13981224,20200314,5282,73351664,5.81219E+11,7924,7889,7889,8248,8248,8304
وبملت,13981220,20200310,9752,87238638,7.03674E+11,8066,8019,7954,8199,7970,7903
وبملت,13981219,20200309,14399,184314168,1.45664E+12,7903,7909,7840,8252,8252,8252
وبملت,13981213,20200303,11237,127945696,1.00095E+12,7823,7820,7610,7960,7775,7603
وبملت,13981212,20200302,7393,75460761,5.7372E+11,7603,7620,7534,7707,7650,7490
وبملت,13981211,20200301,6682,64431036,4.82589E+11,7490,7553,7300,7590,7420,7417
وبملت,13981210,20200229,8557,115094428,8.5367E+11,7417,7411,7411,7587,7411,7801
وبملت,13981206,20200225,13602,165945105,1.3255E+12,7988,8056,7655,8058,7675,7675
وبملت,13981205,20200224,8087,85997239,6.60008E+11,7675,7600,7580,7898,7750,7690
وبملت,13981204,20200223,8582,84909784,6.52935E+11,7690,7665,7525,7833,7599,7486
وبملت,13981203,20200222,8821,87762116,6.56973E+11,7486,7490,7394,7714,7394,7783
وبملت,13981129,20200218,5028,38948921,2.97442E+11,7637,7680,7430,7765,7751,7765
وبملت,13981128,20200217,5909,57020095,4.42778E+11,7765,7645,7622,7955,7734,7672
وبملت,13981127,20200216,7627,100142358,7.68304E+11,7672,7660,7600,7799,7799,7725
وبملت,13981126,20200215,5560,40931162,3.16179E+11,7725,7670,7610,8000,7988,7987
وبملت,13981120,20200209,7993,77021606,6.09033E+11,7907,7930,7800,8040,7985,8087
وبملت,13981119,20200208,11579,114916175,9.29326E+11,8087,7880,7830,8290,8290,7975
وبملت,13981114,20200203,9597,124664197,9.09546E+11,7296,7300,7165,7430,7165,7140
وبملت,13981113,20200202,6068,58310053,4.16343E+11,7140,7117,7049,7280,7150,7234
وبملت,13981112,20200201,7875,66576675,4.8163E+11,7234,7150,7120,7418,7199,7199
وبملت,13981107,20200127,7588,100045025,7.03086E+11,7028,7021,6800,7145,6899,6965
وبملت,13981106,20200126,8226,92946252,6.47332E+11,6965,6850,6800,7128,7075,7017
وبملت,13981105,20200125,10340,104594135,7.33989E+11,7017,7049,6950,7145,7090,7095
وبملت,13981101,20200121,7257,67764494,4.79092E+11,7070,6945,6800,7260,7000,7125
وبملت,13981030,20200120,11901,188746529,1.34484E+12,7125,7178,6850,7212,6875,6869
وبملت,13981029,20200119,7850,95105417,6.53283E+11,6869,6900,6660,6998,6699,6860
وبملت,13981028,20200118,10988,149178001,1.02335E+12,6860,6749,6659,6948,6659,6618
وبملت,13981024,20200114,10398,273991410,1.7347E+12,6331,6339,6160,6339,6300,6038
وبملت,13981023,20200113,7133,250927040,1.51503E+12,6038,6038,6000,6038,6038,5751
وبملت,13981022,20200112,979,42031135,2.41721E+11,5751,5751,5751,5751,5751,5478
وبملت,13981021,20200111,205,6355152,34813522656,5478,5478,5478,5478,5478,5371
وبملت,13981017,20200107,6522,111250056,6.08455E+11,5469,5371,5371,5810,5640,5653
وبملت,13981014,20200104,8901,370941917,2.17409E+12,5861,5861,5861,5861,5861,6169
وبملت,13981010,20191231,4411,49523435,3.06263E+11,6184,6184,6086,6280,6280,6279
وبملت,13981010,20191231,4411,49523435,3.06263E+11,6184,6184,6086,6280,6280,6279
وبملت,13981010,20191231,4411,49523435,3.06263E+11,6184,6184,6086,6280,6280,6279
وبملت,13981008,20191229,4922,53139595,3.31738E+11,6243,6260,6153,6302,6220,6187
وبملت,13981007,20191228,7647,95422568,5.9034E+11,6187,6200,6059,6260,6066,5970
وبملت,13981003,20191224,4243,40591906,2.42838E+11,5982,5969,5926,6062,6060,6063
وبملت,13981002,20191223,4971,67012076,4.06317E+11,6063,5980,5951,6178,6100,6090
وبملت,13981001,20191222,3700,45249917,2.75592E+11,6090,6130,6030,6181,6155,6155
وبملت,13980930,20191221,4399,49275630,3.03308E+11,6155,6128,6098,6199,6185,6061
وبملت,13980926,20191217,4240,53605459,3.20743E+11,5983,5961,5957,6030,6003,5989
وبملت,13980925,20191216,3736,46751703,2.80019E+11,5989,5966,5921,6022,6000,6024
وبملت,13980924,20191215,4900,53723702,3.23626E+11,6024,5980,5950,6113,6104,6114
وبملت,13980923,20191214,3471,29521792,1.80505E+11,6114,6101,6040,6198,6140,6141
وبملت,13980919,20191210,4815,60591945,3.76429E+11,6213,6100,6100,6362,6160,6207
وبملت,13980918,20191209,4489,36007641,2.23486E+11,6207,6140,6131,6361,6272,6194
وبملت,13980917,20191208,9560,154954196,9.59724E+11,6194,6200,5969,6205,5970,5910
وبملت,13980916,20191207,3132,33776019,1.99619E+11,5910,5952,5860,5974,5899,5831
وبملت,13980912,20191203,2521,25957944,1.50192E+11,5786,5790,5711,5881,5799,5822
وبملت,13980911,20191202,4007,31124126,1.81201E+11,5822,5762,5760,5958,5950,5951
وبملت,13980910,20191201,3276,23822826,1.41781E+11,5951,5930,5900,5999,5900,5862
وبملت,13980909,20191130,3741,38355890,2.24829E+11,5862,5888,5750,5950,5800,5775
وبملت,13980905,20191126,5959,75966264,4.2783E+11,5632,5650,5450,5752,5479,5479
وبملت,13980904,20191125,2954,30385404,1.6647E+11,5479,5460,5431,5579,5431,5456
وبملت,13980903,20191124,2209,21593821,1.17817E+11,5456,5400,5400,5490,5470,5456
وبملت,13980902,20191123,3411,42548256,2.32129E+11,5456,5468,5402,5499,5450,5456
وبملت,13980829,20191120,3371,41047978,2.23963E+11,5456,5473,5411,5498,5450,5458
وبملت,13980828,20191119,2928,40224600,2.19555E+11,5458,5430,5426,5530,5450,5417
وبملت,13980827,20191118,2658,34942117,1.89289E+11,5417,5430,5302,5450,5321,5348
وبملت,13980826,20191117,3647,57365335,3.06802E+11,5348,5301,5201,5468,5330,5450
وبملت,13980825,20191116,3546,39889610,2.17386E+11,5450,5475,5366,5549,5366,5412
وبملت,13980821,20191112,2535,22623241,1.22737E+11,5425,5409,5352,5479,5368,5368
وبملت,13980820,20191111,2490,20343712,1.09208E+11,5368,5383,5251,5449,5300,5341
وبملت,13980819,20191110,3032,17780205,94966611474,5341,5340,5311,5450,5450,5477
وبملت,13980818,20191109,3549,24597586,1.34713E+11,5477,5398,5370,5576,5490,5407
وبملت,13980813,20191104,8019,104085622,5.51401E+11,5298,5270,5253,5488,5431,5529
وبملت,13980813,20191104,8019,104085622,5.51401E+11,5298,5270,5253,5488,5431,5529
وبملت,13980812,20191103,7417,78253184,4.32696E+11,5529,5550,5412,5720,5600,5696
وبملت,13980811,20191102,4463,33369567,1.90076E+11,5696,5699,5620,5899,5861,5825
وبملت,13980808,20191030,5505,51589639,3.00506E+11,5825,5815,5788,5891,5880,5794
وبملت,13980806,20191028,3338,27857018,1.61408E+11,5794,5790,5731,5890,5820,5724
وبملت,13980804,20191026,3314,24929162,1.42695E+11,5724,5650,5650,5830,5819,5787
وبملت,13980801,20191023,4280,45003363,2.60435E+11,5787,5733,5701,5927,5900,5810
وبملت,13980730,20191022,3868,34745167,2.01873E+11,5810,5820,5708,5940,5850,5708
وبملت,13980729,20191021,5107,61414087,3.50524E+11,5708,5747,5600,5840,5700,5731
وبملت,13980728,20191020,6679,147406719,8.44831E+11,5731,5705,5705,6010,6010,6005
وبملت,13980724,20191016,5723,66917434,4.01849E+11,6005,5936,5910,6120,5950,6018
وبملت,13980723,20191015,8512,119848295,7.21194E+11,6018,5939,5800,6338,6170,6093
وبملت,13980722,20191014,7896,137132531,8.35604E+11,6093,6000,5952,6210,6193,6185
وبملت,13980721,20191013,8076,145209974,8.98188E+11,6185,6100,5999,6289,6206,6064
وبملت,13980720,20191012,9874,140519168,8.52177E+11,6064,6195,5901,6195,6010,6037
وبملت,13980717,20191009,8950,125466197,7.57467E+11,6037,6138,5850,6144,6001,6144
وبملت,13980716,20191008,15261,337855932,2.07574E+12,6144,6131,6131,6288,6216,6453
وبملت,13980715,20191007,10947,157817827,1.01833E+12,6453,6327,6327,6744,6560,6659
وبملت,13980714,20191006,36170,508882228,3.38849E+12,6659,6550,6351,6895,6661,6661
وبملت,13980713,20191005,643,12855000,85627155000,6661,6661,6661,6661,6661,6344
وبملت,13980710,20191002,22865,613946459,3.89499E+12,6344,6510,6200,6510,6200,4336
وبملت,13980709,20191001,0,0,0,4336,4190,0,0,0,4336
وبملت,13980708,20190930,0,0,0,4336,4190,0,0,0,4336
وبملت,13980707,20190929,0,0,0,4336,4190,0,0,0,4336
وبملت,13980706,20190928,0,0,0,4336,4190,0,0,0,4336
وبملت,13980703,20190925,0,0,0,4336,4190,0,0,0,4336
وبملت,13980702,20190924,0,0,0,4336,4190,0,0,0,4336
وبملت,13980701,20190923,0,0,0,4336,4190,0,0,0,4336
وبملت,13980631,20190922,0,0,0,4336,4190,0,0,0,4336
وبملت,13980630,20190921,0,0,0,4336,4190,0,0,0,4336
وبملت,13980627,20190918,0,0,0,4336,4190,0,0,0,4336
وبملت,13980626,20190917,0,0,0,4336,4190,0,0,0,4336
وبملت,13980625,20190916,0,0,0,4336,4190,0,0,0,4336
وبملت,13980624,20190915,0,0,0,4336,4190,0,0,0,4336
وبملت,13980623,20190914,0,0,0,4336,4190,0,0,0,4336
وبملت,13980620,20190911,0,0,0,4336,4190,0,0,0,4336
وبملت,13980617,20190908,0,0,0,4336,4190,0,0,0,4336
وبملت,13980616,20190907,0,0,0,4336,4190,0,0,0,4336
وبملت,13980613,20190904,0,0,0,4336,4190,0,0,0,4336
وبملت,13980612,20190903,0,0,0,4336,4190,0,0,0,4336
وبملت,13980611,20190902,0,0,0,4336,4190,0,0,0,4336
وبملت,13980610,20190901,0,0,0,4336,4190,0,0,0,4336
وبملت,13980609,20190831,0,0,0,4336,4190,0,0,0,4336
وبملت,13980606,20190828,0,0,0,4336,4190,0,0,0,4336
وبملت,13980605,20190827,0,0,0,4336,4190,0,0,0,4336
وبملت,13980604,20190826,0,0,0,4336,4190,0,0,0,4336
وبملت,13980603,20190825,0,0,0,4336,4190,0,0,0,4336
وبملت,13980602,20190824,0,0,0,4336,4190,0,0,0,4336
وبملت,13980530,20190821,0,0,0,4336,4190,0,0,0,4336
وبملت,13980527,20190818,0,0,0,4336,4190,0,0,0,4336
وبملت,13980526,20190817,0,0,0,4336,4190,0,0,0,4336
وبملت,13980523,20190814,0,0,0,4336,4190,0,0,0,4336
وبملت,13980522,20190813,0,0,0,4336,4190,0,0,0,4336
وبملت,13980520,20190811,0,0,0,4336,4190,0,0,0,4336
وبملت,13980519,20190810,0,0,0,4336,4190,0,0,0,4336
وبملت,13980516,20190807,0,0,0,4336,4190,0,0,0,4336
وبملت,13980515,20190806,0,0,0,4336,4190,0,0,0,4336
وبملت,13980514,20190805,0,0,0,4336,4190,0,0,0,4336
وبملت,13980513,20190804,0,0,0,4336,4190,0,0,0,4336
وبملت,13980512,20190803,0,0,0,4336,4190,0,0,0,4336
وبملت,13980509,20190731,0,0,0,4336,4190,0,0,0,4336
وبملت,13980508,20190730,0,0,0,4336,4190,0,0,0,4336
وبملت,13980507,20190729,0,0,0,4336,4190,0,0,0,4336
وبملت,13980506,20190728,0,0,0,4336,4190,0,0,0,4336
وبملت,13980505,20190727,0,0,0,4336,4190,0,0,0,4336
وبملت,13980502,20190724,0,0,0,4336,4190,0,0,0,4336
وبملت,13980501,20190723,0,0,0,4336,4190,0,0,0,4336
وبملت,13980431,20190722,0,0,0,4336,4190,0,0,0,4336
وبملت,13980430,20190721,0,0,0,4336,4190,0,0,0,4336
وبملت,13980429,20190720,0,0,0,4336,4190,0,0,0,4336
وبملت,13980426,20190717,0,0,0,4336,4190,0,0,0,4336
وبملت,13980425,20190716,0,0,0,4336,4190,0,0,0,4336
وبملت,13980424,20190715,0,0,0,4336,4190,0,0,0,4336
وبملت,13980423,20190714,0,0,0,4336,4190,0,0,0,4336
وبملت,13980422,20190713,0,0,0,4336,4190,0,0,0,4336
وبملت,13980419,20190710,0,0,0,4336,4190,0,0,0,4336
وبملت,13980418,20190709,0,0,0,4336,4190,0,0,0,4336
وبملت,13980417,20190708,0,0,0,4336,4190,0,0,0,4336
وبملت,13980416,20190707,0,0,0,4336,4190,0,0,0,4336
وبملت,13980415,20190706,0,0,0,4336,4190,0,0,0,4336
وبملت,13980412,20190703,0,0,0,4336,4190,0,0,0,4336
وبملت,13980411,20190702,0,0,0,4336,4190,0,0,0,4336
وبملت,13980410,20190701,0,0,0,4336,4190,0,0,0,4336
وبملت,13980409,20190630,0,0,0,4336,4190,0,0,0,4336
وبملت,13980405,20190626,0,0,0,4336,4190,0,0,0,4336
وبملت,13980404,20190625,0,0,0,4336,4190,0,0,0,4336
وبملت,13980403,20190624,0,0,0,4336,4190,0,0,0,4336
وبملت,13980402,20190623,0,0,0,4336,4190,0,0,0,4336
وبملت,13980401,20190622,0,0,0,4336,4190,0,0,0,4336
وبملت,13980329,20190619,0,0,0,4336,4190,0,0,0,4336
وبملت,13980328,20190618,0,0,0,4336,4190,0,0,0,4336
وبملت,13980327,20190617,0,0,0,4336,4190,0,0,0,4336
وبملت,13980326,20190616,7612,131088535,5.68384E+11,4336,4190,4165,4461,4380,4249
وبملت,13980325,20190615,6467,156728436,6.65999E+11,4249,4288,3980,4288,4070,4084
وبملت,13980322,20190612,10555,281032744,1.1478E+12,4084,4099,3992,4099,4007,3904
وبملت,13980321,20190611,3186,61383094,2.39641E+11,3904,3861,3822,3943,3832,3929
وبملت,13980320,20190610,3984,72138869,2.83409E+11,3929,3860,3856,3990,3915,3918
وبملت,13980319,20190609,4634,89440015,3.50398E+11,3918,3935,3810,3970,3810,3782
وبملت,13980318,20190608,2457,38883361,1.47048E+11,3782,3788,3701,3816,3800,3809
وبملت,13980313,20190603,3611,57271769,2.18154E+11,3809,3800,3755,3898,3840,3747
وبملت,13980312,20190602,6237,125287381,4.69433E+11,3747,3750,3650,3780,3650,3600
وبملت,13980311,20190601,3287,57501095,2.07026E+11,3600,3634,3490,3671,3579,3588
وبملت,13980308,20190529,5210,77157001,2.76875E+11,3588,3590,3540,3630,3580,3470
وبملت,13980307,20190528,3276,56616989,1.96456E+11,3470,3499,3421,3550,3440,3421
وبملت,13980305,20190526,2655,45798795,1.56674E+11,3421,3395,3382,3475,3391,3383
وبملت,13980304,20190525,2376,34433311,1.16494E+11,3383,3420,3351,3445,3431,3484
وبملت,13980301,20190522,3576,46012731,1.60301E+11,3484,3468,3441,3569,3569,3516
وبملت,13980231,20190521,6662,168776901,5.93501E+11,3516,3520,3404,3520,3425,3353
وبملت,13980230,20190520,4779,87983644,2.95006E+11,3353,3444,3242,3449,3400,3409
وبملت,13980229,20190519,2867,54852688,1.87014E+11,3409,3400,3380,3480,3440,3460
وبملت,13980228,20190518,3559,62602939,2.16587E+11,3460,3420,3400,3535,3400,3367
وبملت,13980225,20190515,3932,65066911,2.19112E+11,3367,3355,3272,3477,3398,3337
وبملت,13980224,20190514,8929,294102165,9.81541E+11,3337,3341,3180,3341,3180,3182
وبملت,13980223,20190513,3038,57124386,1.81798E+11,3182,3179,3127,3238,3136,3123
وبملت,13980222,20190512,4967,108320016,3.38241E+11,3123,3145,3105,3240,3211,3268
وبملت,13980221,20190511,5101,103089597,3.36908E+11,3268,3223,3222,3470,3350,3391
وبملت,13980218,20190508,4530,82161733,2.78616E+11,3391,3391,3300,3499,3301,3373
وبملت,13980217,20190507,7225,229652592,7.74607E+11,3373,3370,3370,3450,3411,3547
وبملت,13980216,20190506,2975,70044390,2.48469E+11,3547,3517,3517,3679,3610,3702
وبملت,13980215,20190505,7995,194589524,7.20415E+11,3702,3610,3501,3746,3698,3568
وبملت,13980214,20190504,5387,140908128,5.02829E+11,3568,3581,3420,3581,3420,3411
وبملت,13980211,20190501,5670,106827308,3.64356E+11,3411,3460,3267,3470,3267,3314
وبملت,13980210,20190430,6230,100234796,3.32139E+11,3314,3270,3250,3416,3400,3343
وبملت,13980209,20190429,9112,211258932,7.06244E+11,3343,3355,3254,3355,3280,3196
وبملت,13980208,20190428,6629,198346750,6.33843E+11,3196,3216,3081,3216,3098,3063
وبملت,13980207,20190427,3960,60787792,1.86222E+11,3063,3035,3013,3120,3085,3089
وبملت,13980204,20190424,3159,60690748,1.87468E+11,3089,3080,3030,3136,3032,3047
وبملت,13980203,20190423,3158,54560489,1.66268E+11,3047,3040,3020,3095,3020,3092
وبملت,13980202,20190422,4717,87051408,2.69196E+11,3092,3029,3011,3261,3171,3146
وبملت,13980131,20190420,6336,144821757,4.55629E+11,3146,3152,3037,3152,3038,3002
وبملت,13980128,20190417,4547,78320754,2.35151E+11,3002,3000,2941,3060,3001,3093
وبملت,13980127,20190416,7275,121954920,3.77178E+11,3093,3000,2980,3170,3110,3126
وبملت,13980126,20190415,6186,116416502,3.63944E+11,3126,3095,3066,3170,3110,3043
وبملت,13980125,20190414,5684,101401351,3.08529E+11,3043,3071,2987,3085,3080,3085
وبملت,13980124,20190413,6018,96001867,2.96172E+11,3085,3057,3050,3160,3155,3145
وبملت,13980121,20190410,6998,143782515,4.52131E+11,3145,3120,3072,3209,3072,3084
وبملت,13980120,20190409,7600,135658688,4.18336E+11,3084,3088,3044,3145,3070,3148
وبملت,13980119,20190408,7223,117896824,3.7114E+11,3148,3126,3111,3196,3190,3254
وبملت,13980118,20190407,10836,127355934,4.14409E+11,3254,3175,3162,3318,3249,3170
وبملت,13980117,20190406,5136,81015785,2.56852E+11,3170,3178,3061,3231,3128,3115
وبملت,13980111,20190331,5480,92051350,2.86763E+11,3115,3109,3051,3155,3119,3005
وبملت,13980110,20190330,3986,115433665,3.46909E+11,3005,3014,2910,3014,2910,2871
وبملت,13980107,20190327,2140,35904463,1.0309E+11,2871,2870,2857,2900,2870,2870
وبملت,13980106,20190326,2289,36101648,1.03598E+11,2870,2886,2821,2900,2875,2883
وبملت,13980105,20190325,1843,29948945,86335981760,2883,2877,2844,2905,2900,2917
وبملت,13971228,20190319,4833,92381802,2.69486E+11,2917,2912,2891,2954,2930,2939
وبملت,13971227,20190318,3298,68181729,2.00392E+11,2939,2940,2902,2980,2950,2898
وبملت,13971226,20190317,7719,127023894,3.68157E+11,2898,2929,2810,2981,2885,2909
وبملت,13971225,20190316,5881,101973790,2.96611E+11,2909,2879,2862,2970,2900,2875
وبملت,13971222,20190313,9556,244608362,7.03247E+11,2875,2880,2780,2880,2798,2743
وبملت,13971221,20190312,4373,95547351,2.62132E+11,2743,2750,2720,2771,2738,2721
وبملت,13971220,20190311,6237,123773573,3.36758E+11,2721,2710,2635,2757,2635,2626
وبملت,13971219,20190310,4555,105470222,2.76951E+11,2626,2626,2575,2668,2575,2625
وبملت,13971218,20190309,4391,82555191,2.16707E+11,2625,2585,2579,2670,2645,2580
وبملت,13971215,20190306,3805,117399791,3.02944E+11,2580,2597,2455,2597,2460,2474
وبملت,13971214,20190305,2835,64149389,1.58704E+11,2474,2455,2430,2548,2548,2525
وبملت,13971213,20190304,2666,52776887,1.33272E+11,2525,2488,2472,2589,2589,2594
وبملت,13971212,20190303,2490,48625001,1.26143E+11,2594,2568,2559,2645,2630,2610
وبملت,13971211,20190302,3007,54189461,1.41448E+11,2610,2628,2560,2671,2650,2632
وبملت,13971208,20190227,3035,54204684,1.42686E+11,2632,2620,2601,2660,2601,2573
وبملت,13971207,20190226,5203,110028881,2.83123E+11,2573,2590,2490,2630,2502,2578
وبملت,13971206,20190225,6957,149363694,3.85115E+11,2578,2538,2530,2590,2539,2467
وبملت,13971205,20190224,3396,76383882,1.88436E+11,2467,2496,2372,2496,2390,2378
وبملت,13971204,20190223,2839,55568499,1.32163E+11,2378,2365,2330,2418,2340,2304
وبملت,13971201,20190220,1867,31915031,73519720957,2304,2325,2271,2337,2329,2340
وبملت,13971130,20190219,1950,33116671,77496425416,2340,2294,2290,2388,2341,2310
وبملت,13971129,20190218,2836,55709090,1.28672E+11,2310,2326,2231,2326,2249,2216
وبملت,13971128,20190217,2418,52851471,1.17105E+11,2216,2231,2180,2270,2262,2267
وبملت,13971127,20190216,2364,39444663,89418414597,2267,2220,2220,2328,2299,2299
وبملت,13971124,20190213,3260,61509322,1.41395E+11,2299,2297,2249,2389,2355,2366
وبملت,13971123,20190212,1508,25193072,59619269393,2366,2350,2333,2420,2414,2406
وبملت,13971121,20190210,1476,28504084,68577152060,2406,2399,2376,2450,2390,2396
وبملت,13971117,20190206,2235,39020296,93489302822,2396,2380,2360,2449,2430,2365
وبملت,13971116,20190205,2906,61980809,1.46591E+11,2365,2391,2302,2450,2379,2379
وبملت,13971115,20190204,2191,34546281,82189801848,2379,2349,2340,2437,2396,2368
وبملت,13971114,20190203,3494,68699310,1.62661E+11,2368,2390,2345,2468,2468,2468
وبملت,13971113,20190202,2355,39909369,98504033344,2468,2416,2411,2509,2508,2506
وبملت,13971110,20190130,2838,53291256,1.33562E+11,2506,2497,2480,2547,2499,2513
وبملت,13971109,20190129,3014,52980346,1.33118E+11,2513,2482,2470,2591,2545,2546
وبملت,13971108,20190128,2786,46885190,1.19353E+11,2546,2520,2510,2595,2592,2595
وبملت,13971107,20190127,12104,316014959,8.19932E+11,2595,2580,2501,2605,2570,2481
وبملت,13971106,20190126,4133,75929428,1.88376E+11,2481,2470,2461,2507,2470,2470
وبملت,13971103,20190123,4330,74289313,1.83506E+11,2470,2469,2437,2507,2498,2469
وبملت,13971102,20190122,5334,108077472,2.66825E+11,2469,2499,2415,2527,2462,2440
وبملت,13971101,20190121,8035,270840358,6.60876E+11,2440,2439,2439,2480,2460,2567
وبملت,13971030,20190120,6225,123564637,3.1725E+11,2567,2530,2523,2650,2640,2655
وبملت,13971029,20190119,5596,106985305,2.84093E+11,2655,2629,2610,2703,2680,2693
وبملت,13971026,20190116,10937,214626815,5.77938E+11,2693,2659,2647,2718,2661,2589
وبملت,13971025,20190115,5733,118240567,3.06088E+11,2589,2572,2559,2642,2635,2652
وبملت,13971024,20190114,3696,66636736,1.76722E+11,2652,2619,2610,2696,2641,2612
وبملت,13971023,20190113,4275,73877570,1.92975E+11,2612,2619,2555,2649,2574,2579
وبملت,13971022,20190112,4660,85340419,2.20068E+11,2579,2549,2520,2669,2612,2634
وبملت,13971019,20190109,5541,97735461,2.57416E+11,2634,2629,2570,2695,2630,2655
وبملت,13971018,20190108,7529,188763969,5.01129E+11,2655,2630,2616,2745,2729,2753
وبملت,13971017,20190107,7564,143414124,3.94861E+11,2753,2729,2709,2817,2740,2704
وبملت,13971016,20190106,10189,288611784,7.803E+11,2704,2717,2605,2717,2605,2588
وبملت,13971015,20190105,4509,76102128,1.9696E+11,2588,2570,2545,2629,2587,2624
وبملت,13971012,20190102,7419,138775983,3.64146E+11,2624,2550,2550,2692,2659,2661
وبملت,13971011,20190101,14059,279572768,7.44056E+11,2661,2665,2525,2707,2550,2579
وبملت,13971011,20190101,14059,279572768,7.44056E+11,2661,2665,2525,2707,2550,2579
وبملت,13971010,20181231,5838,94990797,2.44981E+11,2579,2538,2523,2643,2601,2609
وبملت,13971009,20181230,8281,153764992,4.01151E+11,2609,2617,2502,2650,2512,2525
وبملت,13971008,20181229,5388,88995182,2.24694E+11,2525,2499,2471,2569,2499,2542
وبملت,13971005,20181226,19199,515511696,1.31057E+12,2542,2529,2456,2550,2550,2429
وبملت,13971004,20181225,5516,140414431,3.41029E+11,2429,2452,2361,2452,2379,2336
وبملت,13971003,20181224,10736,211546059,4.94079E+11,2336,2350,2215,2383,2259,2279
وبملت,13971002,20181223,7636,163813807,3.73366E+11,2279,2248,2231,2292,2245,2183
وبملت,13971001,20181222,5036,108025815,2.35814E+11,2183,2193,2117,2193,2139,2089
وبملت,13970928,20181219,6589,154445772,3.2264E+11,2089,2117,2000,2117,2039,2017
وبملت,13970927,20181218,3776,62095981,1.25246E+11,2017,2020,1975,2051,2000,2001
وبملت,13970926,20181217,6680,136973762,2.74026E+11,2001,1997,1964,2106,2050,2067
وبملت,13970925,20181216,5306,113801364,2.35283E+11,2067,2062,2062,2160,2160,2170
وبملت,13970924,20181215,5799,104707071,2.27197E+11,2170,2165,2142,2268,2268,2254
وبملت,13970921,20181212,2803,40336218,90909549681,2254,2230,2227,2301,2260,2270
وبملت,13970920,20181211,4174,71843930,1.63115E+11,2270,2260,2202,2317,2225,2274
وبملت,13970919,20181210,5887,101182812,2.30042E+11,2274,2202,2196,2346,2285,2250
وبملت,13970918,20181209,8790,208493732,4.69175E+11,2250,2272,2144,2272,2190,2164
وبملت,13970917,20181208,4672,76089199,1.64661E+11,2164,2170,2130,2210,2210,2235
وبملت,13970914,20181205,2898,47146078,1.05388E+11,2235,2213,2189,2271,2200,2218
وبملت,13970913,20181204,3029,55318345,1.22707E+11,2218,2200,2184,2271,2240,2271
وبملت,13970912,20181203,3530,61126622,1.38822E+11,2271,2264,2201,2310,2269,2225
وبملت,13970911,20181202,5035,97696598,2.17414E+11,2225,2246,2181,2280,2193,2173
وبملت,13970910,20181201,1695,39458997,85725760146,2173,2166,2166,2221,2220,2279
وبملت,13970907,20181128,4981,114685741,2.61332E+11,2279,2272,2272,2365,2365,2391
وبملت,13970906,20181127,2899,43208771,1.03297E+11,2391,2361,2353,2464,2421,2416
وبملت,13970905,20181126,2747,66285127,1.60154E+11,2416,2410,2410,2519,2519,2536
وبملت,13970903,20181124,6939,135705139,3.44085E+11,2536,2522,2452,2596,2549,2473
وبملت,13970830,20181121,6356,162649350,4.02219E+11,2473,2450,2423,2479,2460,2361
وبملت,13970829,20181120,9503,187094992,4.41809E+11,2361,2435,2237,2460,2337,2345
وبملت,13970828,20181119,9494,211595598,4.96274E+11,2345,2325,2299,2439,2335,2419
وبملت,13970827,20181118,2702,69196897,1.67402E+11,2419,2402,2402,2500,2459,2528
وبملت,13970826,20181117,5047,115064330,2.90843E+11,2528,2492,2492,2638,2628,2623
وبملت,13970823,20181114,4300,86565376,2.27103E+11,2623,2630,2576,2680,2600,2698
وبملت,13970822,20181113,7570,172819461,4.66203E+11,2698,2659,2631,2790,2724,2690
وبملت,13970821,20181112,9059,187608072,5.04734E+11,2690,2710,2599,2753,2650,2665
وبملت,13970820,20181111,10094,233153471,6.21283E+11,2665,2642,2642,2777,2764,2781
وبملت,13970819,20181110,18210,500494617,1.39209E+12,2781,2765,2765,2930,2870,2910
وبملت,13970814,20181105,10233,244848382,6.89894E+11,2818,2870,2662,2870,2730,2734
وبملت,13970813,20181104,8704,203839249,5.57302E+11,2734,2700,2602,2863,2801,2738
وبملت,13970812,20181103,7016,145135778,3.97369E+11,2738,2695,2680,2828,2700,2714
وبملت,13970809,20181031,6731,262943902,7.13608E+11,2714,2717,2661,2717,2700,2588
وبملت,13970807,20181029,6409,184134018,4.76617E+11,2588,2595,2555,2595,2570,2472
وبملت,13970806,20181028,5213,115668533,2.85909E+11,2472,2550,2385,2550,2402,2436
وبملت,13970805,20181027,6010,133819153,3.25936E+11,2436,2390,2390,2550,2450,2515
وبملت,13970802,20181024,6536,155914909,3.92168E+11,2515,2520,2470,2648,2600,2599
وبملت,13970801,20181023,11152,319122872,8.29246E+11,2599,2620,2503,2620,2559,2496
وبملت,13970730,20181022,12587,356128561,8.88846E+11,2496,2554,2453,2582,2582,2717
وبملت,13970729,20181021,1925,125254055,3.40291E+11,2717,2670,2663,2719,2719,2602
وبملت,13970728,20181020,2936,151953390,3.95383E+11,2602,2602,2602,2602,2602,2479
وبملت,13970725,20181017,13155,357542468,8.86391E+11,2479,2572,2360,2572,2420,2450
وبملت,13970724,20181016,6788,283535931,6.94586E+11,2450,2450,2401,2450,2450,2334
وبملت,13970723,20181015,1840,54934759,1.282E+11,2334,2339,2305,2339,2313,2228
وبملت,13970722,20181014,3478,150000813,3.34157E+11,2228,2288,2135,2336,2260,2247
وبملت,13970721,20181013,1063,26210199,58898573053,2247,2211,2211,2320,2299,2327
وبملت,13970718,20181010,5965,137696387,3.20377E+11,2327,2293,2261,2400,2350,2354
وبملت,13970717,20181009,8019,269005747,6.33373E+11,2354,2306,2282,2366,2340,2254
وبملت,13970716,20181008,12226,369047958,8.31654E+11,2254,2270,2230,2357,2301,2347
وبملت,13970715,20181007,13898,458045966,1.0752E+12,2347,2310,2310,2505,2370,2431
وبملت,13970714,20181006,17909,601953560,1.46314E+12,2431,2369,2267,2505,2500,2386
وبملت,13970711,20181003,25606,987416580,2.35554E+12,2386,2387,2313,2387,2387,2274
وبملت,13970710,20181002,2990,137318804,3.12203E+11,2274,2275,2167,2275,2167,2064
وبملت,13970709,20181001,0,0,0,2064,2064,0,0,0,2064
وبملت,13970708,20180930,0,0,0,2064,2064,0,0,0,2064
وبملت,13970707,20180929,207,7937368,16382727552,2064,2064,2064,2064,2064,1966
وبملت,13970704,20180926,8270,369442403,7.26272E+11,1966,1966,1930,1966,1966,1873
وبملت,13970703,20180925,7227,240900172,4.51249E+11,1873,1881,1810,1881,1810,1792
وبملت,13970702,20180924,7745,175151851,3.13841E+11,1792,1789,1760,1831,1830,1822
وبملت,13970701,20180923,6556,168120142,3.06271E+11,1822,1804,1742,1833,1750,1746
وبملت,13970631,20180922,7098,155777487,2.71957E+11,1746,1723,1711,1800,1780,1798
وبملت,13970627,20180918,10060,241712877,4.34699E+11,1798,1783,1776,1866,1857,1869
وبملت,13970626,20180917,12041,400494694,7.48415E+11,1869,1867,1820,1871,1869,1782
وبملت,13970625,20180916,14145,451258490,8.03969E+11,1782,1834,1660,1834,1700,1747
وبملت,13970624,20180915,12265,384934432,6.72567E+11,1747,1709,1709,1849,1798,1713
وبملت,13970621,20180912,179,12086600,20704345800,1713,1713,1713,1713,1713,1632
وبملت,13970620,20180911,1073,49860246,81371921472,1632,1632,1632,1632,1632,1555
وبملت,13970619,20180910,1791,72513993,1.12738E+11,1555,1560,1530,1560,1540,1486
وبملت,13970618,20180909,7407,250062101,3.71505E+11,1486,1491,1460,1491,1474,1420
وبملت,13970617,20180908,6022,174773215,2.48138E+11,1420,1432,1362,1432,1373,1364
وبملت,13970614,20180905,3513,80248378,1.09471E+11,1364,1358,1350,1393,1382,1389
وبملت,13970613,20180904,4188,113968521,1.58318E+11,1389,1379,1376,1427,1390,1412
وبملت,13970612,20180903,9651,249591276,3.52371E+11,1412,1391,1359,1454,1391,1399
وبملت,13970611,20180902,21889,751854784,1.05201E+12,1399,1405,1343,1405,1405,1339
وبملت,13970610,20180901,20100,948773720,1.27041E+12,1339,1339,1335,1339,1339,1276
وبملت,13970607,20180829,21846,1096516210,1.39905E+12,1276,1300,1241,1340,1300,1094
وبملت,13970606,20180828,0,0,0,1094,1112,0,0,0,1094
وبملت,13970605,20180827,0,0,0,1094,1112,0,0,0,1094
وبملت,13970604,20180826,0,0,0,1094,1112,0,0,0,1094
وبملت,13970603,20180825,0,0,0,1094,1112,0,0,0,1094
وبملت,13970530,20180821,0,0,0,1094,1112,0,0,0,1094
وبملت,13970529,20180820,0,0,0,1094,1112,0,0,0,1094
وبملت,13970528,20180819,0,0,0,1094,1112,0,0,0,1094
وبملت,13970527,20180818,2409,59994605,65641439627,1094,1112,1065,1112,1070,1061
وبملت,13970524,20180815,1949,46980670,49831624870,1061,1077,1036,1078,1046,1042
وبملت,13970523,20180814,990,18533621,19306896313,1042,1025,1025,1069,1060,1066
وبملت,13970522,20180813,2945,82795761,88251577037,1066,1050,1030,1073,1034,1022
وبملت,13970521,20180812,1380,26690654,27283017355,1022,1032,1002,1037,1025,1037
وبملت,13970520,20180811,5009,170220019,1.76603E+11,1037,1035,991,1041,1041,992
وبملت,13970517,20180808,326,13033431,12929163552,992,992,992,992,992,945
وبملت,13970516,20180807,1243,41723029,39414706614,945,949,903,949,910,904
وبملت,13970515,20180806,2635,66988875,60560897691,904,900,885,929,905,900
وبملت,13970514,20180805,1398,41856565,37672455330,900,905,895,909,900,902
وبملت,13970513,20180804,1364,32712001,29506986204,902,900,899,918,910,904
وبملت,13970510,20180801,1160,25846275,23359656878,904,920,892,922,900,897
وبملت,13970509,20180731,3124,68685848,61590998148,897,917,887,920,910,902
وبملت,13970508,20180730,3199,82735736,74619969358,902,910,890,921,912,921
وبملت,13970507,20180729,0,0,0,921,940,0,0,0,921
وبملت,13970506,20180728,0,0,0,921,940,0,0,0,921
وبملت,13970503,20180725,0,0,0,921,940,0,0,0,921
وبملت,13970502,20180724,0,0,0,921,940,0,0,0,921
وبملت,13970501,20180723,0,0,0,921,940,0,0,0,921
وبملت,13970431,20180722,0,0,0,921,940,0,0,0,921
وبملت,13970430,20180721,0,0,0,921,940,0,0,0,921
وبملت,13970427,20180718,1698,54316358,50037923761,921,940,900,940,919,910
وبملت,13970426,20180717,139,3531814,3220750352,910,918,908,922,915,909
وبملت,13970425,20180716,554,12921772,11748564380,909,920,897,920,908,908
وبملت,13970424,20180715,577,18914560,17171693348,908,900,896,920,915,914
وبملت,13970423,20180714,462,10344538,9452222534,914,910,905,944,908,910
وبملت,13970420,20180711,502,9012659,8184661287,910,906,903,917,915,917
وبملت,13970419,20180710,288,5566609,5090523263,917,910,908,929,929,919
وبملت,13970417,20180708,596,14818518,13624783736,919,914,914,940,940,942
وبملت,13970416,20180707,482,11295058,10643395940,942,933,927,948,927,925
وبملت,13970413,20180704,303,5595244,5166711880,925,922,919,940,930,927
وبملت,13970412,20180703,366,8020735,7408427141,927,920,920,932,930,937
وبملت,13970411,20180702,455,10281376,9635779197,937,930,928,948,930,931
وبملت,13970410,20180701,1159,27036558,25158747032,931,939,920,942,926,936
وبملت,13970409,20180630,377,9087911,8511704648,936,933,925,950,930,933
وبملت,13970406,20180627,423,10323161,9628448298,933,933,918,950,926,934
وبملت,13970404,20180625,990,20073970,18651453334,929,921,915,954,948,935
وبملت,13970403,20180624,838,21484842,20083448622,935,935,929,960,949,938
وبملت,13970402,20180623,1038,29469104,27644238447,938,949,930,956,950,948
وبملت,13970330,20180620,2210,55307247,52435400505,948,950,930,977,951,970
وبملت,13970329,20180619,850,13427178,13023431318,970,972,950,985,951,969
وبملت,13970328,20180618,699,15414248,14935234021,969,969,947,986,970,947
وبملت,13970327,20180617,1295,32391452,30675966175,947,969,936,978,946,937
وبملت,13970323,20180613,662,12722889,11916643227,937,940,932,945,935,933
وبملت,13970322,20180612,203,4472556,4161307763,933,930,925,940,935,935
وبملت,13970321,20180611,295,6577822,6117535820,935,935,923,943,940,943
وبملت,13970320,20180610,199,4090973,3843738545,943,939,933,950,935,945
وبملت,13970319,20180609,335,7073089,6636982979,945,930,930,950,950,959
وبملت,13970313,20180603,271,4969450,4703303526,959,940,937,960,960,971
وبملت,13970312,20180602,1284,42948939,41714846955,971,960,950,999,999,906
وبملت,13970309,20180530,0,0,0,906,906,0,0,0,906
وبملت,13970308,20180529,0,0,0,906,906,0,0,0,906
وبملت,13970307,20180528,0,0,0,906,906,0,0,0,906
وبملت,13970306,20180527,475,9936900,9005122674,906,906,901,918,905,903
وبملت,13970305,20180526,218,4250807,3840326188,903,907,900,910,905,903
وبملت,13970302,20180523,362,8998374,8123303224,903,910,899,910,906,904
وبملت,13970301,20180522,516,17263890,15603993839,904,910,897,912,903,902
وبملت,13970231,20180521,374,9692142,8736036644,902,903,896,907,905,905
وبملت,13970230,20180520,322,6844712,6187211538,905,906,900,909,908,908
وبملت,13970229,20180519,276,5475515,4958106302,908,909,901,911,910,911
وبملت,13970226,20180516,142,2881942,2614320175,911,910,905,910,909,912
وبملت,13970225,20180515,180,3742533,3409554769,912,909,909,914,914,913
وبملت,13970224,20180514,370,12390503,11313976311,913,914,909,915,915,911
وبملت,13970223,20180513,296,6625663,6026765035,911,912,905,917,910,914
وبملت,13970222,20180512,120,1890792,1723395284,914,909,909,918,910,914
وبملت,13970219,20180509,741,21942007,20050068084,914,920,880,930,902,907
وبملت,13970218,20180508,252,5356151,4860315948,907,910,904,920,920,907
وبملت,13970217,20180507,230,4883807,4430550347,907,906,904,915,907,907
وبملت,13970216,20180506,383,9072624,8217718011,907,910,900,910,910,911
وبملت,13970215,20180505,545,14807919,13491857377,911,906,900,920,920,920
وبملت,13970211,20180501,251,4858591,4456554649,920,920,912,925,925,923
وبملت,13970210,20180430,223,5456219,5016531458,923,925,910,925,924,927
وبملت,13970209,20180429,191,5095320,4685782391,927,925,912,930,930,933
وبملت,13970208,20180428,111,1941823,1798450487,933,929,922,930,930,935
وبملت,13970205,20180425,236,6339537,5913145236,935,935,927,940,933,939
وبملت,13970204,20180424,141,3786280,3531975190,939,939,928,940,939,943
وبملت,13970203,20180423,115,2478301,2317788877,943,942,930,942,940,945
وبملت,13970202,20180422,113,2085104,1957333985,945,943,929,946,946,947
وبملت,13970201,20180421,118,2467015,2330056557,947,946,940,948,948,948
وبملت,13970129,20180418,123,2526952,2392020482,948,947,942,952,950,948
وبملت,13970128,20180417,171,4309026,4087283361,948,950,947,950,948,947
وبملت,13970127,20180416,116,2487853,2360531500,947,950,943,955,950,947
وبملت,13970126,20180415,195,3057068,2876511384,947,949,934,955,948,949
وبملت,13970122,20180411,238,3901996,3685333405,949,949,935,955,955,952
وبملت,13970121,20180410,218,3837364,3667007769,952,952,945,969,960,950
وبملت,13970120,20180409,417,9854861,9356631384,950,960,934,970,970,981
وبملت,13970119,20180408,172,2857786,2756494573,981,970,956,971,971,987
وبملت,13970118,20180407,96,1633395,1595669555,987,985,968,989,971,989
وبملت,13970115,20180404,199,4522617,4440883100,989,992,969,992,990,994
وبملت,13970114,20180403,68,1354399,1343896569,994,996,974,998,974,994
وبملت,13970108,20180328,253,3491187,3437408015,994,1000,969,1000,983,999
وبملت,13970107,20180327,113,2090814,2079501927,999,999,978,1000,978,1000
وبملت,13970106,20180326,229,5040802,5029024639,1000,1002,977,1007,1007,1003
وبملت,13970105,20180325,69,636573,634163677,1003,1010,974,1010,974,1003
وبملت,13961228,20180319,583,14041470,14085066348,1003,1014,982,1014,1000,1001
وبملت,13961227,20180318,463,11190966,11203778872,1001,998,991,1009,991,979
وبملت,13961226,20180317,413,9541409,9375419229,979,980,955,991,965,947
وبملت,13961223,20180314,1249,35682806,33774608218,947,940,928,974,970,976
وبملت,13961222,20180313,201,4839913,4716185588,976,971,967,978,973,978
وبملت,13961221,20180312,257,6041810,5885355210,978,973,963,976,963,983
وبملت,13961220,20180311,155,2826181,2767597611,983,980,960,984,978,984
وبملت,13961219,20180310,108,1906090,1875253963,984,979,970,990,971,984
وبملت,13961216,20180307,131,2520582,2459574537,984,983,968,984,976,987
وبملت,13961215,20180306,211,5046017,4981166874,987,990,978,990,980,987
وبملت,13961214,20180305,195,4808596,4743231833,987,994,976,994,988,988
وبملت,13961213,20180304,317,5075531,4986979293,988,990,965,995,979,993
وبملت,13961212,20180303,145,2058619,2030845703,993,987,979,1000,1000,995
وبملت,13961209,20180228,248,4935780,4947625140,995,999,982,1010,999,988
وبملت,13961208,20180227,244,5520394,5478713220,988,1004,971,1006,987,982
وبملت,13961207,20180226,241,5542997,5445944279,982,974,966,990,966,981
وبملت,13961206,20180225,215,3578835,3486078560,981,981,970,981,980,984
وبملت,13961205,20180224,243,3980494,3901490431,984,980,975,989,985,986
وبملت,13961202,20180221,286,6558465,6489253418,986,990,979,998,997,978
وبملت,13961130,20180219,320,6432080,6261921494,978,983,967,987,976,986
وبملت,13961129,20180218,666,13914343,13716372983,986,980,978,1011,1011,1008
وبملت,13961128,20180217,2232,78688105,79333482794,1008,1010,990,1029,1025,1031
وبملت,13961125,20180214,275,3725856,3821963124,1031,1030,1020,1038,1030,1034
وبملت,13961124,20180213,236,4798335,4936737169,1034,1031,1025,1034,1030,1040
وبملت,13961123,20180212,217,4691751,4856091164,1040,1035,1030,1045,1045,1045
وبملت,13961121,20180210,93,1482074,1545642219,1045,1046,1030,1050,1030,1045
وبملت,13961118,20180207,280,4792519,5030833631,1045,1054,1034,1059,1050,1040
وبملت,13961117,20180206,287,5514356,5739555374,1040,1056,1026,1068,1050,1039
وبملت,13961116,20180205,260,4354533,4543884411,1039,1040,1036,1054,1050,1036
وبملت,13961114,20180203,350,6350364,6561761997,1032,1048,1018,1050,1035,1030
وبملت,13961111,20180131,262,4475526,4597698552,1030,1028,1021,1030,1024,1033
وبملت,13961110,20180130,173,3362531,3463841122,1033,1030,1021,1048,1025,1035
وبملت,13961109,20180129,156,2083771,2144434976,1035,1030,1021,1038,1032,1036
وبملت,13961108,20180128,197,2787175,2887825251,1036,1035,1028,1049,1028,1036
وبملت,13961107,20180127,251,4346206,4505231359,1036,1039,1022,1040,1022,1035
وبملت,13961104,20180124,437,7614284,7862029809,1035,1033,1016,1059,1050,1058
وبملت,13961103,20180123,434,7141019,7515003215,1058,1050,1031,1078,1078,1084
وبملت,13961102,20180122,372,7019698,7573731870,1084,1078,1061,1109,1109,1109
وبملت,13961101,20180121,737,20432442,22665754993,1109,1104,1104,1160,1151,1162
وبملت,13961030,20180120,373,8182918,9505102440,1162,1170,1150,1170,1160,1163
وبملت,13961027,20180117,460,9165352,10657997943,1163,1168,1150,1170,1162,1162
وبملت,13961026,20180116,208,2428099,2815828250,1162,1155,1155,1173,1163,1163
وبملت,13961025,20180115,487,10196841,11858793743,1163,1170,1150,1179,1171,1173
وبملت,13961024,20180114,1161,29186598,34231873299,1173,1170,1152,1195,1152,1152
وبملت,13961023,20180113,259,4623999,5346815434,1152,1160,1144,1175,1149,1147
وبملت,13961020,20180110,359,7807856,8965581530,1147,1150,1127,1158,1141,1140
وبملت,13961019,20180109,259,4971876,5693448543,1140,1141,1130,1152,1145,1135
وبملت,13961018,20180108,443,8332118,9480811204,1135,1143,1105,1143,1105,1112
وبملت,13961017,20180107,579,12059244,13413903374,1112,1130,1087,1139,1087,1086
وبملت,13961016,20180106,143,1863697,2027051420,1086,1088,1081,1096,1086,1086
وبملت,13961013,20180103,251,3969661,4310565364,1086,1087,1080,1093,1086,1086
وبملت,13961012,20180102,337,6640428,7242061367,1086,1100,1053,1104,1065,1072
وبملت,13961011,20180101,269,4552207,4894835116,1072,1074,1070,1090,1080,1068
وبملت,13961010,20171231,917,24147257,25796998813,1068,1080,1046,1100,1080,1098
وبملت,13961009,20171230,648,17464846,19178073800,1098,1103,1080,1105,1105,1104
وبملت,13961006,20171227,279,5785859,6379415457,1104,1100,1100,1109,1106,1106
وبملت,13961005,20171226,303,7218299,7976445452,1106,1107,1100,1115,1110,1110
وبملت,13961004,20171225,364,7892425,8748799827,1110,1105,1105,1119,1119,1119
وبملت,13961003,20171224,438,11859218,13265651443,1119,1110,1110,1128,1111,1111
وبملت,13961002,20171223,703,14476946,16082820268,1111,1110,1100,1133,1117,1118
وبملت,13960929,20171220,504,8944573,9986348051,1118,1128,1100,1148,1122,1143
وبملت,13960928,20171219,458,7091064,8131249852,1143,1139,1133,1165,1133,1133
وبملت,13960927,20171218,1591,43963527,49807485367,1133,1138,1090,1138,1097,1084
وبملت,13960926,20171217,595,11616578,12596785478,1084,1092,1071,1097,1071,1081
وبملت,13960925,20171216,910,17447434,18858641165,1081,1070,1040,1090,1049,1039
وبملت,13960922,20171213,995,16034381,16667093848,1039,1053,1005,1054,1005,1004
وبملت,13960921,20171212,305,5175966,5220948007,1004,1016,999,1018,1009,998
وبملت,13960920,20171211,478,13293719,13270567459,998,1006,988,1006,995,1001
وبملت,13960919,20171210,202,5143379,5135738922,1001,1000,993,1002,1000,1003
وبملت,13960918,20171209,202,4476582,4487741568,1003,1004,1000,1007,1003,1004
وبملت,13960914,20171205,241,5999666,6018511846,1004,1003,1001,1007,1001,1005
وبملت,13960913,20171204,217,4710080,4723600434,1005,1002,1000,1007,1000,1006
وبملت,13960912,20171203,168,3278353,3293848271,1006,1007,992,1008,992,1007
وبملت,13960911,20171202,263,6152055,6197185310,1007,1007,1003,1013,1008,1007
وبملت,13960908,20171129,1245,23642957,23814731829,1007,1009,1000,1015,1000,998
وبملت,13960907,20171128,356,7035547,7031441098,998,1002,988,1005,991,995
وبملت,13960905,20171126,369,7824264,7788229380,995,994,987,1000,995,993
وبملت,13960904,20171125,297,5709457,5655850555,993,995,976,998,988,997
وبملت,13960901,20171122,244,5575007,5567350003,997,1000,990,1005,1005,994
وبملت,13960830,20171121,353,5635088,5635425785,994,1001,996,1005,996,987
وبملت,13960829,20171120,354,16989198,16769739065,987,995,977,998,980,980
وبملت,13960827,20171118,231,4098125,4031286550,980,993,971,993,980,977
وبملت,13960824,20171115,246,4589412,4468108288,977,990,965,990,970,980
وبملت,13960823,20171114,258,7125812,6969815312,980,976,972,980,975,986
وبملت,13960822,20171113,176,3534898,3474848285,986,988,977,990,980,987
وبملت,13960821,20171112,274,6172061,6055400902,987,990,978,996,987,997
وبملت,13960820,20171111,313,7551716,7510693200,997,994,990,1000,999,1004
وبملت,13960817,20171108,399,10242320,10283033438,1004,1001,999,1010,1008,1010
وبملت,13960816,20171107,517,11873545,11989790068,1010,1008,996,1021,1001,1016
وبملت,13960815,20171106,1075,17207997,17477011144,1016,1010,982,1029,982,980
وبملت,13960814,20171105,349,5509847,5464984378,980,992,978,999,978,967
وبملت,13960813,20171104,454,6849833,6684089078,967,986,960,986,969,951
وبملت,13960810,20171101,717,15151868,14412328810,951,968,932,969,932,928
وبملت,13960809,20171031,294,8226458,7650521642,928,931,920,937,930,920
وبملت,13960808,20171030,384,12007234,11049891774,920,927,915,930,925,926
وبملت,13960807,20171029,514,13808907,12792773423,926,926,918,938,930,933
وبملت,13960806,20171028,344,7744666,7215685503,933,931,929,940,933,936
وبملت,13960803,20171025,173,3686352,3443798708,936,934,930,938,930,937
وبملت,13960802,20171024,282,7263057,6789798754,937,939,930,940,936,943
وبملت,13960801,20171023,267,5675230,5328472816,943,935,933,947,945,948
وبملت,13960730,20171022,204,4199838,3978015110,948,945,941,953,950,948
وبملت,13960729,20171021,285,7105360,6726441491,948,945,940,956,950,952
وبملت,13960726,20171018,321,5303023,5032477172,952,950,943,955,950,956
وبملت,13960725,20171017,335,7426913,7075809086,956,965,945,970,960,964
وبملت,13960724,20171016,291,7194177,6927723796,964,955,955,970,969,966
وبملت,13960723,20171015,154,2647264,2559199554,966,967,953,974,954,966
وبملت,13960722,20171014,160,4048267,3920885626,966,975,950,979,952,965
وبملت,13960719,20171011,227,6038549,5827708152,965,965,955,979,970,964
وبملت,13960718,20171010,171,3300142,3197848612,964,970,953,980,961,962
وبملت,13960717,20171009,195,3088770,2949740899,962,962,950,970,968,965
وبملت,13960716,20171008,304,6832415,6547420238,965,969,945,971,960,979
وبملت,13960715,20171007,347,6839425,6668736172,979,966,965,988,988,988
وبملت,13960712,20171004,163,3407653,3370260132,988,988,987,993,993,987
وبملت,13960711,20171003,217,3679641,3634027800,987,990,985,994,994,987
وبملت,13960710,20171002,263,6393748,6310939481,987,988,981,995,993,986
وبملت,13960705,20170927,258,4832442,4779235855,986,990,986,995,988,984
وبملت,13960704,20170926,224,4444879,4387133798,984,992,984,992,986,982
وبملت,13960703,20170925,198,3745228,3691086938,982,983,981,993,990,980
وبملت,13960702,20170924,367,7514410,7386871042,980,980,970,997,970,971
وبملت,13960701,20170923,259,4730814,4617792257,971,978,970,989,971,967
وبملت,13960629,20170920,186,3482554,3376544810,967,976,960,979,965,966
وبملت,13960628,20170919,225,4662176,4503117345,966,969,960,976,975,966
وبملت,13960627,20170918,367,8151229,7871717502,966,980,960,980,975,969
وبملت,13960626,20170917,301,6095769,5908103603,969,983,953,985,960,968
وبملت,13960625,20170916,361,5483767,5304695481,968,980,950,990,960,969
وبملت,13960622,20170913,466,8279876,7993084570,969,984,950,986,980,988
وبملت,13960621,20170912,390,6035255,5938880942,988,989,955,1000,955,994
وبملت,13960620,20170911,338,6817371,6752050926,994,993,981,1000,1000,1000
وبملت,13960619,20170910,368,5892456,5916159339,1000,996,994,1013,994,994
وبملت,13960615,20170906,848,15168987,15072224958,994,1000,966,1008,978,962
وبملت,13960614,20170905,369,5811009,5633327041,962,976,953,979,963,953
وبملت,13960613,20170904,322,6867257,6549466733,953,962,948,964,951,952
وبملت,13960612,20170903,228,3406731,3238478093,952,949,948,956,953,952
وبملت,13960611,20170902,229,4569573,4349981931,952,955,945,960,952,952
وبملت,13960608,20170830,332,5667513,5406805342,952,951,948,970,960,950
وبملت,13960607,20170829,837,15514560,14732071054,950,980,940,980,954,965
وبملت,13960606,20170828,429,6896658,6624050353,965,955,950,967,964,974
وبملت,13960605,20170827,279,3703672,3560457532,974,962,960,970,970,982
وبملت,13960604,20170826,436,7901354,7717240099,982,970,967,998,998,1001
وبملت,13960601,20170823,356,8376725,8390512913,1001,999,991,1012,1003,994
وبملت,13960531,20170822,949,20978513,20859474325,994,1007,974,1007,1003,998
وبملت,13960530,20170821,1536,37424828,37339411714,998,1010,979,1021,1020,1030
وبملت,13960529,20170820,428,15725470,16202323425,1030,1030,1020,1033,1033,1025
وبملت,13960528,20170819,0,0,0,1025,1034,0,0,0,1025
وبملت,13960525,20170816,0,0,0,1025,1034,0,0,0,1025
وبملت,13960524,20170815,0,0,0,1025,1034,0,0,0,1025
وبملت,13960523,20170814,0,0,0,1025,1034,0,0,0,1025
وبملت,13960522,20170813,0,0,0,1025,1034,0,0,0,1025
وبملت,13960521,20170812,0,0,0,1025,1034,0,0,0,1025
وبملت,13960518,20170809,0,0,0,1025,1034,0,0,0,1025
وبملت,13960517,20170808,0,0,0,1025,1034,0,0,0,1025
وبملت,13960516,20170807,0,0,0,1025,1034,0,0,0,1025
وبملت,13960515,20170806,0,0,0,1025,1034,0,0,0,1025
وبملت,13960511,20170802,0,0,0,1025,1034,0,0,0,1025
وبملت,13960510,20170801,0,0,0,1025,1034,0,0,0,1025
وبملت,13960509,20170731,0,0,0,1025,1034,0,0,0,1025
وبملت,13960508,20170730,0,0,0,1025,1034,0,0,0,1025
وبملت,13960507,20170729,0,0,0,1025,1034,0,0,0,1025
وبملت,13960504,20170726,0,0,0,1025,1034,0,0,0,1025
وبملت,13960503,20170725,0,0,0,1025,1034,0,0,0,1025
وبملت,13960502,20170724,0,0,0,1025,1034,0,0,0,1025
وبملت,13960501,20170723,0,0,0,1025,1034,0,0,0,1025
وبملت,13960431,20170722,0,0,0,1025,1034,0,0,0,1025
وبملت,13960428,20170719,0,0,0,1025,1034,0,0,0,1025
وبملت,13960427,20170718,921,16721775,17141205824,1025,1034,1010,1035,1029,1016
وبملت,13960426,20170717,702,14311335,14535980963,1016,1029,1001,1039,1039,1004
وبملت,13960425,20170716,817,16216610,16276390134,1004,1010,992,1030,999,991
وبملت,13960424,20170715,1012,22866401,22667845099,991,993,951,993,955,946
وبملت,13960421,20170712,435,8059934,7643788741,946,954,937,969,941,939
وبملت,13960420,20170711,484,8473812,7992218247,939,940,921,955,940,926
وبملت,13960419,20170710,309,5005221,4665472496,926,941,920,941,931,920
وبملت,13960418,20170709,257,3815595,3524563436,920,929,913,932,925,918
وبملت,13960417,20170708,432,7338367,6727018988,918,930,909,932,912,922
وبملت,13960414,20170705,527,8842585,8161070308,922,931,906,940,911,920
وبملت,13960413,20170704,348,4653338,4262289740,920,920,905,940,915,924
وبملت,13960412,20170703,399,6417144,5890791274,924,932,910,934,922,932
وبملت,13960411,20170702,271,4254725,3954765569,932,940,921,950,925,934
وبملت,13960410,20170701,197,2690402,2499407369,934,925,924,941,940,936
وبملت,13960407,20170628,279,4089114,3840489105,936,936,925,957,935,934
وبملت,13960404,20170625,251,2695614,2521701386,934,931,922,950,926,934
وبملت,13960403,20170624,1255,24290951,22683735928,934,938,922,973,973,968
وبملت,13960331,20170621,359,6411282,6165108633,968,959,959,971,970,980
وبملت,13960330,20170620,473,9396076,9201898877,980,971,970,986,980,991
وبملت,13960329,20170619,312,5969461,5886609268,991,983,983,998,983,998
وبملت,13960328,20170618,1336,36840295,36759295383,998,999,980,1000,992,999
وبملت,13960327,20170617,927,21720279,21691437168,999,1000,989,1003,996,1001
وبملت,13960324,20170614,662,12398997,12414152906,1001,1004,994,1010,1000,1001
وبملت,13960322,20170612,481,11698425,11728398551,1003,1000,1000,1017,1010,1012
وبملت,13960321,20170611,399,8533955,8640560709,1012,1016,1003,1024,1014,1010
وبملت,13960320,20170610,383,7492455,7577015304,1010,1013,1001,1019,1012,1008
وبملت,13960317,20170607,1279,34289477,34564018053,1008,1018,998,1036,1025,1021
وبملت,13960316,20170606,303,5842993,5954063731,1021,1023,1009,1030,1029,1025
وبملت,13960313,20170603,251,4492887,4590888236,1025,1030,1015,1038,1017,1027
وبملت,13960310,20170531,567,11216125,11519959031,1027,1021,1015,1040,1031,1021
وبملت,13960309,20170530,513,10626357,10844638275,1021,1033,1009,1049,1025,1027
وبملت,13960308,20170529,286,4300634,4376939493,1027,1015,1013,1029,1020,1034
وبملت,13960307,20170528,327,4460989,4572607085,1034,1030,1018,1035,1022,1041
وبملت,13960306,20170527,406,4106946,4229911392,1041,1040,1021,1050,1038,1049
وبملت,13960303,20170524,349,6104069,6369085170,1049,1040,1036,1062,1052,1060
وبملت,13960302,20170523,378,8783744,9311122924,1060,1050,1043,1070,1050,1056
وبملت,13960301,20170522,291,5687890,6019790972,1056,1050,1041,1070,1042,1053
وبملت,13960231,20170521,480,10232578,10776177375,1053,1035,1035,1075,1059,1057
وبملت,13960230,20170520,353,5441949,5761676374,1057,1051,1045,1078,1066,1055
وبملت,13960227,20170517,396,8793145,9281215627,1055,1055,1045,1068,1059,1047
وبملت,13960226,20170516,325,5566595,5854141142,1047,1060,1038,1062,1040,1040
وبملت,13960225,20170515,400,6523734,6812383832,1040,1057,1020,1063,1021,1031
وبملت,13960224,20170514,435,6760831,6953322287,1031,1025,1021,1040,1039,1038
وبملت,13960223,20170513,352,5605990,5801629002,1038,1032,1031,1048,1035,1043
وبملت,13960220,20170510,321,5300551,5507793143,1043,1041,1034,1054,1054,1049
وبملت,13960219,20170509,474,7320409,7672194090,1049,1041,1032,1061,1040,1050
وبملت,13960218,20170508,302,3792361,3936552508,1050,1037,1034,1059,1058,1058
وبملت,13960217,20170507,823,15825275,16747649224,1058,1046,1031,1079,1039,1044
وبملت,13960216,20170506,451,8824817,9208105846,1044,1037,1034,1070,1065,1051
وبملت,13960213,20170503,930,17226633,18108057539,1051,1079,1031,1085,1060,1080
وبملت,13960212,20170502,536,5838240,6230407627,1080,1060,1055,1090,1087,1099
وبملت,13960211,20170501,1875,33915975,37265229028,1099,1091,1077,1110,1097,1058
وبملت,13960210,20170430,868,16116153,17057266793,1058,1073,1014,1073,1014,1022
وبملت,13960209,20170429,503,9568091,9778727253,1022,1022,1010,1030,1020,1012
وبملت,13960206,20170426,837,19341726,19575052376,1012,1025,1001,1025,1011,1008
وبملت,13960204,20170424,495,10500321,10580289993,1008,1007,1001,1014,1010,1010
وبملت,13960203,20170423,1087,19309830,19494153311,1010,1016,1000,1020,1016,1016
وبملت,13960202,20170422,881,16407103,16671560042,1016,1007,1007,1039,1020,1021
وبملت,13960130,20170419,565,7844586,8005191688,1021,1025,1012,1039,1021,1021
وبملت,13960129,20170418,601,11047224,11281106731,1021,1022,1015,1033,1024,1022
وبملت,13960128,20170417,578,10133964,10354769650,1022,1022,1015,1030,1015,1015
وبملت,13960127,20170416,1469,31574133,32050375699,1015,1028,1008,1028,1026,1026
وبملت,13960126,20170415,1705,31163300,31974634451,1026,1020,1019,1038,1031,1032
وبملت,13960123,20170412,859,13231760,13659412171,1032,1029,1025,1046,1039,1042
وبملت,13960121,20170410,1753,38284111,39887513057,1042,1029,1029,1056,1050,1049
وبملت,13960120,20170409,1168,16896063,17729748123,1049,1050,1035,1089,1077,1074
وبملت,13960119,20170408,1131,20863948,22401083283,1074,1060,1059,1100,1099,1093
وبملت,13960116,20170405,405,6681546,7294291993,1093,1082,1081,1100,1090,1098
وبملت,13960115,20170404,521,10473077,11504558819,1098,1103,1085,1106,1102,1100
وبملت,13960114,20170403,318,4132734,4530797607,1100,1087,1086,1105,1105,1103
وبملت,13960109,20170329,429,7768459,8566429853,1103,1098,1087,1110,1089,1102
وبملت,13960108,20170328,509,9855132,10856962266,1102,1105,1085,1109,1090,1098
وبملت,13960107,20170327,605,10538055,11566866412,1098,1089,1078,1103,1090,1088
وبملت,13960106,20170326,502,8301063,9016726234,1088,1080,1070,1117,1099,1105
وبملت,13960105,20170325,181,1637335,1806394311,1105,1091,1083,1118,1083,1105
وبملت,13951228,20170318,418,8458997,9357512606,1105,1103,1072,1119,1100,1089
وبملت,13951225,20170315,463,8121427,8854887151,1089,1080,1079,1108,1100,1079
وبملت,13951224,20170314,1192,28207263,30430684749,1079,1082,1049,1110,1060,1064
وبملت,13951223,20170313,1061,23619997,25132638254,1064,1070,1038,1081,1048,1063
وبملت,13951222,20170312,630,11808563,12558402421,1063,1046,1046,1079,1058,1061
وبملت,13951221,20170311,723,11975897,12707298701,1061,1048,1025,1080,1026,1044
وبملت,13951218,20170308,2545,61362532,64038671145,1044,1057,1041,1067,1063,1095
وبملت,13951217,20170307,1214,19459561,21306853370,1095,1073,1073,1130,1130,1129
وبملت,13951216,20170306,946,19024195,21478560145,1129,1123,1103,1142,1127,1132
وبملت,13951215,20170305,970,26091805,29540884673,1132,1127,1110,1150,1129,1126
وبملت,13951214,20170304,484,10361532,11668184074,1126,1129,1121,1130,1125,1121
وبملت,13951211,20170301,463,9710264,10886721950,1121,1122,1119,1130,1120,1117
وبملت,13951210,20170228,724,23421979,26157768681,1117,1119,1115,1123,1120,1113
وبملت,13951209,20170227,506,10019874,11156517478,1113,1115,1111,1117,1113,1112
وبملت,13951208,20170226,690,12515955,13919199113,1112,1106,1100,1140,1103,1099
وبملت,13951207,20170225,1356,25809693,28354423132,1099,1110,1080,1110,1100,1109
وبملت,13951204,20170222,1594,22309880,24738573371,1109,1108,1098,1131,1129,1137
وبملت,13951203,20170221,658,11126436,12653531523,1137,1138,1127,1145,1144,1138
وبملت,13951201,20170219,2267,40125257,45522667626,1135,1155,1123,1175,1175,1168
وبملت,13951130,20170218,956,14020906,16370509591,1168,1160,1150,1182,1182,1186
وبملت,13951127,20170215,845,19875584,23564432494,1186,1193,1173,1195,1190,1187
وبملت,13951126,20170214,649,9415843,11174873726,1187,1195,1177,1208,1200,1201
وبملت,13951125,20170213,769,10133299,12165313924,1201,1200,1190,1210,1209,1204
وبملت,13951124,20170212,753,12655730,15242811084,1204,1200,1191,1218,1211,1207
وبملت,13951123,20170211,984,22934152,27681455217,1207,1210,1194,1220,1220,1219
وبملت,13951120,20170208,1162,21951580,26753177004,1219,1200,1195,1238,1225,1229
وبملت,13951119,20170207,1305,16819641,20664596504,1229,1221,1210,1249,1220,1198
وبملت,13951118,20170206,1513,27890361,33416442158,1198,1219,1176,1220,1180,1177
وبملت,13951117,20170205,1563,21637455,25477612252,1177,1185,1159,1193,1172,1163
وبملت,13951116,20170204,1172,16001664,18608684739,1163,1179,1145,1179,1150,1161
وبملت,13951113,20170201,922,12985955,15075349202,1161,1179,1146,1179,1166,1176
وبملت,13951112,20170131,1914,29074518,34179899652,1176,1160,1148,1200,1150,1145
وبملت,13951111,20170130,1229,15728635,18011597677,1145,1143,1136,1160,1150,1143
وبملت,13951110,20170129,1754,24875670,28441669833,1143,1136,1121,1163,1141,1158
وبملت,13951109,20170128,4915,124087014,1.43741E+11,1158,1164,1151,1190,1190,1211
وبملت,13951106,20170125,7308,150759356,1.82606E+11,1211,1199,1190,1251,1230,1206
وبملت,13951105,20170124,4802,131185822,1.58207E+11,1206,1242,1170,1244,1199,1930
وبملت,13951104,20170123,0,0,0,1930,2370,0,0,0,1930
وبملت,13951103,20170122,0,0,0,1930,2370,0,0,0,1930
وبملت,13951102,20170121,0,0,0,1930,2370,0,0,0,1930
وبملت,13951029,20170118,0,0,0,1930,2370,0,0,0,1930
وبملت,13951028,20170117,0,0,0,1930,2370,0,0,0,1930
وبملت,13951027,20170116,0,0,0,1930,2370,0,0,0,1930
وبملت,13951026,20170115,0,0,0,1930,2370,0,0,0,1930
وبملت,13951025,20170114,0,0,0,1930,2370,0,0,0,1930
وبملت,13951022,20170111,0,0,0,2413,2370,0,0,0,2413
وبملت,13951020,20170109,0,0,0,2413,2370,0,0,0,2413
وبملت,13951019,20170108,0,0,0,2413,2370,0,0,0,2413
وبملت,13951018,20170107,0,0,0,2413,2370,0,0,0,2413
وبملت,13951015,20170104,0,0,0,2413,2370,0,0,0,2413
وبملت,13951014,20170103,0,0,0,2413,2370,0,0,0,2413
وبملت,13951013,20170102,0,0,0,2413,2370,0,0,0,2413
وبملت,13951012,20170101,0,0,0,2413,2370,0,0,0,2413
وبملت,13951011,20161231,0,0,0,2413,2370,0,0,0,2413
وبملت,13951008,20161228,0,0,0,2413,2370,0,0,0,2413
وبملت,13951007,20161227,0,0,0,2413,2370,0,0,0,2413
وبملت,13951006,20161226,0,0,0,2413,2370,0,0,0,2413
وبملت,13951005,20161225,0,0,0,2413,2370,0,0,0,2413
وبملت,13951004,20161224,0,0,0,2413,2370,0,0,0,2413
وبملت,13951001,20161221,0,0,0,2413,2370,0,0,0,2413
وبملت,13950930,20161220,0,0,0,2413,2370,0,0,0,2413
وبملت,13950929,20161219,0,0,0,2413,2370,0,0,0,2413
وبملت,13950928,20161218,0,0,0,2413,2370,0,0,0,2413
وبملت,13950924,20161214,0,0,0,2413,2370,0,0,0,2413
وبملت,13950923,20161213,0,0,0,2413,2370,0,0,0,2413
وبملت,13950922,20161212,0,0,0,2413,2370,0,0,0,2413
وبملت,13950921,20161211,0,0,0,2413,2370,0,0,0,2413
وبملت,13950920,20161210,0,0,0,2413,2370,0,0,0,2413
وبملت,13950917,20161207,0,0,0,2413,2370,0,0,0,2413
وبملت,13950916,20161206,0,0,0,2413,2370,0,0,0,2413
وبملت,13950915,20161205,0,0,0,2413,2370,0,0,0,2413
وبملت,13950914,20161204,0,0,0,2413,2370,0,0,0,2413
وبملت,13950913,20161203,0,0,0,2413,2370,0,0,0,2413
وبملت,13950909,20161129,0,0,0,2413,2370,0,0,0,2413
وبملت,13950907,20161127,0,0,0,2413,2370,0,0,0,2413
وبملت,13950906,20161126,0,0,0,2413,2370,0,0,0,2413
وبملت,13950903,20161123,0,0,0,2413,2370,0,0,0,2413
وبملت,13950902,20161122,0,0,0,2413,2370,0,0,0,2413
وبملت,13950901,20161121,0,0,0,2413,2370,0,0,0,2413
وبملت,13950829,20161119,0,0,0,2413,2370,0,0,0,2413
وبملت,13950826,20161116,0,0,0,2413,2370,0,0,0,2413
وبملت,13950825,20161115,0,0,0,2413,2370,0,0,0,2413
وبملت,13950824,20161114,0,0,0,2413,2370,0,0,0,2413
وبملت,13950823,20161113,0,0,0,2413,2370,0,0,0,2413
وبملت,13950822,20161112,0,0,0,2413,2370,0,0,0,2413
وبملت,13950819,20161109,0,0,0,2413,2370,0,0,0,2413
وبملت,13950818,20161108,0,0,0,2413,2370,0,0,0,2413
وبملت,13950817,20161107,0,0,0,2413,2370,0,0,0,2413
وبملت,13950816,20161106,0,0,0,2413,2370,0,0,0,2413
وبملت,13950815,20161105,0,0,0,2413,2370,0,0,0,2413
وبملت,13950812,20161102,0,0,0,2413,2370,0,0,0,2413
وبملت,13950811,20161101,0,0,0,2413,2370,0,0,0,2413
وبملت,13950810,20161031,0,0,0,2413,2370,0,0,0,2413
وبملت,13950809,20161030,0,0,0,2413,2370,0,0,0,2413
وبملت,13950808,20161029,0,0,0,2413,2370,0,0,0,2413
وبملت,13950805,20161026,0,0,0,2413,2370,0,0,0,2413
وبملت,13950804,20161025,0,0,0,2413,2370,0,0,0,2413
وبملت,13950803,20161024,0,0,0,2413,2370,0,0,0,2413
وبملت,13950802,20161023,0,0,0,2413,2370,0,0,0,2413
وبملت,13950801,20161022,0,0,0,2413,2370,0,0,0,2413
وبملت,13950728,20161019,0,0,0,2413,2370,0,0,0,2413
وبملت,13950727,20161018,0,0,0,2413,2370,0,0,0,2413
وبملت,13950726,20161017,0,0,0,2413,2370,0,0,0,2413
وبملت,13950725,20161016,0,0,0,2413,2370,0,0,0,2413
وبملت,13950724,20161015,0,0,0,2413,2370,0,0,0,2413
وبملت,13950721,20161012,0,0,0,2413,2370,0,0,0,2413
وبملت,13950719,20161010,0,0,0,2413,2370,0,0,0,2413
وبملت,13950718,20161009,0,0,0,2413,2370,0,0,0,2413
وبملت,13950717,20161008,0,0,0,2413,2370,0,0,0,2413
وبملت,13950714,20161005,0,0,0,2413,2370,0,0,0,2413
وبملت,13950713,20161004,0,0,0,2413,2370,0,0,0,2413
وبملت,13950712,20161003,0,0,0,2413,2370,0,0,0,2413
وبملت,13950711,20161002,0,0,0,2413,2370,0,0,0,2413
وبملت,13950710,20161001,0,0,0,2413,2370,0,0,0,2413
وبملت,13950707,20160928,0,0,0,2413,2370,0,0,0,2413
وبملت,13950706,20160927,0,0,0,2413,2370,0,0,0,2413
وبملت,13950705,20160926,0,0,0,2413,2370,0,0,0,2413
وبملت,13950704,20160925,0,0,0,2413,2370,0,0,0,2413
وبملت,13950703,20160924,0,0,0,2413,2370,0,0,0,2413
وبملت,13950631,20160921,0,0,0,2413,2370,0,0,0,2413
وبملت,13950629,20160919,0,0,0,2413,2370,0,0,0,2413
وبملت,13950628,20160918,0,0,0,2413,2370,0,0,0,2413
وبملت,13950627,20160917,0,0,0,2413,2370,0,0,0,2413
وبملت,13950624,20160914,0,0,0,2413,2370,0,0,0,2413
وبملت,13950623,20160913,0,0,0,2413,2370,0,0,0,2413
وبملت,13950620,20160910,0,0,0,2413,2370,0,0,0,2413
وبملت,13950617,20160907,0,0,0,2413,2370,0,0,0,2413
وبملت,13950616,20160906,0,0,0,2413,2370,0,0,0,2413
وبملت,13950615,20160905,0,0,0,2413,2370,0,0,0,2413
وبملت,13950614,20160904,0,0,0,2413,2370,0,0,0,2413
وبملت,13950613,20160903,0,0,0,2413,2370,0,0,0,2413
وبملت,13950610,20160831,0,0,0,2413,2370,0,0,0,2413
وبملت,13950609,20160830,0,0,0,2413,2370,0,0,0,2413
وبملت,13950608,20160829,0,0,0,2413,2370,0,0,0,2413
وبملت,13950607,20160828,0,0,0,2413,2370,0,0,0,2413
وبملت,13950606,20160827,0,0,0,2413,2370,0,0,0,2413
وبملت,13950603,20160824,0,0,0,2413,2370,0,0,0,2413
وبملت,13950602,20160823,0,0,0,2413,2370,0,0,0,2413
وبملت,13950601,20160822,0,0,0,2413,2370,0,0,0,2413
وبملت,13950531,20160821,0,0,0,2413,2370,0,0,0,2413
وبملت,13950530,20160820,0,0,0,2413,2370,0,0,0,2413
وبملت,13950527,20160817,0,0,0,2413,2370,0,0,0,2413
وبملت,13950526,20160816,0,0,0,2413,2370,0,0,0,2413
وبملت,13950525,20160815,0,0,0,2413,2370,0,0,0,2413
وبملت,13950524,20160814,0,0,0,2413,2370,0,0,0,2413
وبملت,13950523,20160813,0,0,0,2413,2370,0,0,0,2413
وبملت,13950520,20160810,0,0,0,2413,2370,0,0,0,2413
وبملت,13950519,20160809,0,0,0,2413,2370,0,0,0,2413
وبملت,13950518,20160808,0,0,0,2413,2370,0,0,0,2413
وبملت,13950517,20160807,0,0,0,2413,2370,0,0,0,2413
وبملت,13950516,20160806,0,0,0,2413,2370,0,0,0,2413
وبملت,13950513,20160803,0,0,0,2413,2370,0,0,0,2413
وبملت,13950512,20160802,0,0,0,2413,2370,0,0,0,2413
وبملت,13950511,20160801,0,0,0,2413,2370,0,0,0,2413
وبملت,13950510,20160731,0,0,0,2413,2370,0,0,0,2413
وبملت,13950506,20160727,0,0,0,2413,2370,0,0,0,2413
وبملت,13950505,20160726,0,0,0,2413,2370,0,0,0,2413
وبملت,13950504,20160725,0,0,0,2413,2370,0,0,0,2413
وبملت,13950503,20160724,0,0,0,2413,2370,0,0,0,2413
وبملت,13950502,20160723,0,0,0,2413,2370,0,0,0,2413
وبملت,13950430,20160720,0,0,0,2413,2370,0,0,0,2413
وبملت,13950429,20160719,0,0,0,2413,2370,0,0,0,2413
وبملت,13950428,20160718,0,0,0,2413,2370,0,0,0,2413
وبملت,13950427,20160717,1637,54364655,1.31168E+11,2413,2370,2360,2430,2430,2376
وبملت,13950426,20160716,1847,26949529,64028780102,2376,2373,2369,2385,2380,2404
وبملت,13950423,20160713,1380,26873925,64600993311,2404,2380,2374,2424,2424,2413
وبملت,13950422,20160712,2899,60002141,1.4479E+11,2413,2400,2390,2435,2430,2385
وبملت,13950421,20160711,2549,53785129,1.28269E+11,2385,2400,2360,2400,2375,2343
وبملت,13950420,20160710,1997,38837502,91011779205,2343,2350,2339,2356,2340,2340
وبملت,13950419,20160709,1495,17445153,40818051796,2340,2329,2320,2357,2329,2320
وبملت,13950415,20160705,1142,20772703,48194978085,2320,2360,2294,2360,2315,2312
وبملت,13950414,20160704,989,11874022,27449542725,2312,2300,2290,2345,2336,2331
وبملت,13950413,20160703,1157,17619484,41073501148,2331,2326,2312,2355,2330,2330
وبملت,13950412,20160702,1396,22802659,53127272758,2330,2310,2310,2347,2326,2323
وبملت,13950409,20160629,1253,16162675,37541690171,2323,2330,2315,2332,2327,2320
وبملت,13950408,20160628,1259,23098631,53579577538,2320,2320,2310,2332,2319,2318
وبملت,13950406,20160626,788,10684117,24761049550,2318,2316,2291,2350,2308,2368
وبملت,13950405,20160625,1685,28708830,67988304308,2368,2308,2289,2410,2410,2296
وبملت,13950402,20160622,1412,24128445,55388637560,2296,2294,2277,2313,2302,2264
وبملت,13950401,20160621,3078,85796097,1.94221E+11,2264,2279,2162,2279,2175,2171
وبملت,13950331,20160620,580,9354057,20303584184,2171,2160,2140,2196,2162,2147
وبملت,13950330,20160619,459,3927554,8412358172,2147,2160,2130,2176,2151,2176
وبملت,13950329,20160618,375,13607913,29608488794,2176,2160,2160,2190,2171,2177
وبملت,13950326,20160615,573,18657818,40622779995,2177,2165,2143,2195,2163,2152
وبملت,13950325,20160614,615,5741554,12353310615,2152,2142,2127,2189,2180,2175
وبملت,13950324,20160613,578,5372694,11683069164,2175,2170,2160,2199,2192,2208
وبملت,13950323,20160612,714,21709161,47938547941,2208,2191,2151,2227,2200,2184
وبملت,13950322,20160611,924,12063984,26350503103,2184,2165,2150,2244,2230,2232
وبملت,13950319,20160608,746,13194588,29447878246,2232,2218,2216,2260,2234,2234
وبملت,13950318,20160607,537,4580863,10234143591,2234,2220,2217,2267,2250,2270
وبملت,13950317,20160606,675,11234186,25505883408,2270,2245,2240,2299,2299,2250
وبملت,13950316,20160605,846,10574478,23793344369,2250,2240,2238,2280,2272,2293
وبملت,13950312,20160601,600,10211684,23416442413,2293,2269,2265,2315,2315,2289
وبملت,13950311,20160531,675,13395400,30662560045,2289,2270,2260,2324,2324,2271
وبملت,13950310,20160530,525,6598086,14984833445,2271,2260,2255,2288,2260,2276
وبملت,13950309,20160529,614,6832718,15549484839,2276,2260,2252,2324,2324,2328
وبملت,13950308,20160528,1220,19860070,46228332437,2328,2327,2320,2335,2325,2326
وبملت,13950305,20160525,1001,13414303,31207150024,2326,2325,2320,2333,2324,2324
وبملت,13950304,20160524,1127,21024352,48853712981,2324,2316,2285,2359,2298,2292
وبملت,13950303,20160523,1101,15220012,34885700729,2292,2271,2271,2315,2290,2270
وبملت,13950301,20160521,560,7474389,16969588847,2270,2256,2252,2290,2265,2265
وبملت,13950229,20160518,702,7638012,17298473638,2265,2250,2242,2293,2293,2283
وبملت,13950228,20160517,703,10594737,24190206255,2283,2257,2237,2320,2320,2268
وبملت,13950227,20160516,1055,13343041,30259734431,2268,2226,2212,2328,2328,2219
وبملت,13950226,20160515,1327,20271327,44977970494,2219,2218,2190,2240,2220,2217
وبملت,13950225,20160514,864,11198767,24825955231,2217,2222,2175,2248,2190,2197
وبملت,13950222,20160511,724,8995688,19766498153,2197,2215,2179,2230,2230,2224
وبملت,13950221,20160510,1005,29248144,65047364828,2224,2195,2175,2257,2215,2225
وبملت,13950220,20160509,1346,24297749,54074465673,2225,2180,2179,2263,2260,2197
وبملت,13950219,20160508,1142,27826529,61138216779,2197,2180,2172,2209,2190,2204
وبملت,13950218,20160507,1665,19277568,42483180887,2204,2195,2175,2273,2259,2262
وبملت,13950215,20160504,775,11068669,25041979314,2262,2268,2250,2290,2290,2309
وبملت,13950214,20160503,1306,120083997,2.77329E+11,2309,2266,2220,2320,2275,2258
وبملت,13950213,20160502,1381,17983799,40607996667,2258,2243,2241,2287,2270,2277
وبملت,13950212,20160501,1032,12078484,27499986363,2277,2270,2262,2315,2290,2288
وبملت,13950211,20160430,1332,14575816,33347921429,2288,2273,2273,2320,2310,2334
وبملت,13950208,20160427,929,9428421,22008934299,2334,2321,2315,2380,2349,2361
وبملت,13950207,20160426,847,8994088,21235989511,2361,2348,2338,2400,2400,2398
وبملت,13950206,20160425,1071,12434394,29819744172,2398,2400,2361,2429,2380,2358
وبملت,13950205,20160424,925,12397512,29232761915,2358,2370,2328,2388,2331,2326
وبملت,13950204,20160423,774,9365179,21781385621,2326,2320,2310,2370,2330,2350
وبملت,13950201,20160420,1096,13240085,31113112957,2350,2337,2323,2400,2400,2400
وبملت,13950131,20160419,944,101641225,2.43976E+11,2400,2370,2340,2406,2390,2406
وبملت,13950130,20160418,919,10829233,26053845203,2406,2381,2378,2440,2430,2354
وبملت,13950129,20160417,1605,41090213,96724340490,2354,2380,2260,2390,2281,2371
وبملت,13950128,20160416,1232,23658017,56088466209,2371,2366,2366,2430,2410,2490
وبملت,13950125,20160413,1918,440951575,1.09816E+12,2490,2400,2400,2496,2458,2496
وبملت,13950124,20160412,1679,35595688,88845687651,2496,2458,2450,2548,2484,2549
وبملت,13950123,20160411,1549,28799903,73423679729,2549,2520,2490,2600,2600,2525
وبملت,13950122,20160410,1720,49762285,1.25628E+11,2525,2470,2455,2560,2540,2547
وبملت,13950121,20160409,2483,46587708,1.18661E+11,2547,2544,2500,2597,2597,2533
وبملت,13950118,20160406,0,0,0,2533,2540,0,0,0,2533
وبملت,13950117,20160405,0,0,0,2533,2540,0,0,0,2533
وبملت,13950116,20160404,0,0,0,2533,2540,0,0,0,2533
وبملت,13950115,20160403,2622,38211143,96802982913,2533,2540,2491,2580,2580,2572
وبملت,13950114,20160402,2111,32683221,84049740393,2572,2558,2540,2615,2601,2563
وبملت,13950111,20160330,2585,37220601,95390185797,2563,2550,2510,2609,2510,2510
وبملت,13950110,20160329,1795,25419978,63799311592,2510,2514,2491,2520,2504,2508
وبملت,13950109,20160328,2349,38105647,95558777087,2508,2513,2450,2534,2499,2498
وبملت,13950108,20160327,2822,44216051,1.10441E+11,2498,2470,2451,2556,2501,2440
وبملت,13950107,20160326,845,14755815,35996878530,2440,2454,2360,2454,2390,2338
